,0,1,2,3,4,5,6,7,8,9
0,-0.6979067491163881,0.8108124299662203,0.7037653728586242,-0.572686833225501,-0.8775419987690389,-0.824456898969156,0.058304123887529986,-0.6915073144741982,-0.07643255057708635,1.8994448381093763
1,-0.7487718722150218,0.4822358683753829,0.5463706552766526,-0.572686833225501,-0.8775419987690389,-0.824456898969156,-0.638093618432396,-0.6915073144741982,-0.07643255057708635,1.8994448381093763
2,-0.7702744717040055,0.4822358683753829,0.42308448851201946,-0.572686833225501,-0.8775419987690389,-1.5495659052498223,-0.638093618432396,-0.6915073144741982,-0.07643255057708635,1.7371345647598455
3,-0.7702744717040055,0.03870628043966018,0.42308448851201946,-0.572686833225501,-0.8775419987690389,-1.5915465786280645,-0.638093618432396,-0.6915073144741982,-0.07643255057708635,1.694931641724122
4,-0.7702744717040055,-0.12447912114370908,0.42308448851201946,-0.572686833225501,-0.8775419987690389,-1.5915465786280645,-0.638093618432396,-0.6915073144741982,-0.07643255057708635,1.694931641724122
5,-0.7702744717040055,-0.12447912114370908,-0.06816299915692005,-0.572686833225501,-0.8775419987690389,-2.068558745215348,-0.638093618432396,-0.6915073144741982,-0.07643255057708635,1.694931641724122
6,-0.7702744717040055,-0.12447912114370908,-0.06816299915692005,-0.572686833225501,-0.8775419987690389,-2.656778987531576,-0.638093618432396,-0.6915073144741982,-0.07643255057708635,1.6855789243150876
7,-0.7702744717040055,-0.12447912114370908,-0.06816299915692005,-0.572686833225501,-0.8775419987690389,-2.656778987531576,-0.638093618432396,-0.6915073144741982,-0.07643255057708635,1.6855789243150876
8,-0.7702744717040055,-0.12447912114370908,-0.06816299915692005,-1.0110734232276877,-1.1565860782811088,-2.656778987531576,-0.638093618432396,-0.6915073144741982,-0.07643255057708635,1.529424990497145
9,-0.7702744717040055,-0.12447912114370908,-0.06816299915692005,-1.0110734232276877,-1.1565860782811088,-2.656778987531576,-0.638093618432396,-0.6915073144741982,-2.5278628763039044,1.529424990497145
10,-0.7702744717040055,-0.12447912114370908,-0.06816299915692005,-1.0110734232276877,-1.1565860782811088,-2.656778987531576,-0.6567558776326247,-0.6915073144741982,-2.5278628763039044,1.529424990497145
11,-0.7702744717040055,-0.12447912114370908,-0.06816299915692005,-1.0110734232276877,-1.1565860782811088,-2.656778987531576,-0.6567558776326247,-0.6915073144741982,-2.5278628763039044,1.529424990497145
12,-0.8306062945931861,-0.12447912114370908,-0.06816299915692005,-1.0110734232276877,-1.1565860782811088,-2.656778987531576,-0.6567558776326247,-0.6915073144741982,-2.5278628763039044,1.529424990497145
13,-0.8306062945931861,-0.12447912114370908,-0.06816299915692005,-1.0110734232276877,-1.1565860782811088,-2.656778987531576,-0.6567558776326247,-0.6915073144741982,-2.5278628763039044,1.529424990497145
14,-0.8306062945931861,-0.12447912114370908,-0.06816299915692005,-1.0110734232276877,-1.1565860782811088,-2.656778987531576,-0.6567558776326247,-0.6915073144741982,-2.5278628763039044,1.529424990497145
15,-0.8306062945931861,-0.12447912114370908,-0.06816299915692005,-1.0110734232276877,-1.1565860782811088,-2.8370033752005943,-0.6567558776326247,-0.6915073144741982,-2.5278628763039044,1.529424990497145
16,-0.8306062945931861,-0.12447912114370908,-0.06816299915692005,-1.0110734232276877,-1.1565860782811088,-2.8370033752005943,-0.9696543778376004,-0.6915073144741982,-2.5278628763039044,1.529424990497145
17,-0.8306062945931861,-0.12447912114370908,-0.06816299915692005,-1.0110734232276877,-1.1565860782811088,-2.8370033752005943,-0.9696543778376004,-0.6915073144741982,-2.5278628763039044,1.529424990497145
18,-0.8306062945931861,-0.12447912114370908,-0.06816299915692005,-1.0110734232276877,-1.1565860782811088,-2.8370033752005943,-0.9696543778376004,-0.6915073144741982,-2.5278628763039044,1.529424990497145
19,-0.8306062945931861,-0.12447912114370908,-0.06816299915692005,-1.0110734232276877,-1.1565860782811088,-2.8370033752005943,-0.9696543778376004,-0.6915073144741982,-2.5278628763039044,1.529424990497145
20,-0.8306062945931861,-0.12447912114370908,-0.06816299915692005,-1.0110734232276877,-1.1565860782811088,-2.8370033752005943,-0.9696543778376004,-0.6915073144741982,-2.5278628763039044,1.529424990497145
21,-0.8306062945931861,-0.12447912114370908,-0.06816299915692005,-1.0110734232276877,-1.1565860782811088,-2.8370033752005943,-0.9696543778376004,-0.6915073144741982,-2.5278628763039044,1.529424990497145
22,-0.8306062945931861,-0.12447912114370908,-0.06816299915692005,-1.0110734232276877,-1.1565860782811088,-2.8370033752005943,-0.9696543778376004,-0.6915073144741982,-2.5278628763039044,1.4631447532249275
23,-0.8306062945931861,-0.12447912114370908,-0.06816299915692005,-1.0110734232276877,-1.1565860782811088,-2.8370033752005943,-0.9696543778376004,-0.6915073144741982,-2.5278628763039044,1.4631447532249275
24,-0.893568641949619,-0.12447912114370908,-0.06816299915692005,-1.0110734232276877,-1.1565860782811088,-2.8370033752005943,-0.9696543778376004,-0.6915073144741982,-2.5278628763039044,1.4631447532249275
25,-0.893568641949619,-0.12447912114370908,-0.06816299915692005,-1.0110734232276877,-1.1565860782811088,-2.8370033752005943,-0.9696543778376004,-0.6915073144741982,-2.5278628763039044,1.4631447532249275
26,-0.893568641949619,-0.12447912114370908,-0.06816299915692005,-1.0110734232276877,-1.1565860782811088,-2.8370033752005943,-0.9696543778376004,-0.6915073144741982,-2.5278628763039044,1.4631447532249275
27,-0.893568641949619,-0.12447912114370908,-0.06816299915692005,-1.0110734232276877,-1.1565860782811088,-2.8370033752005943,-0.9696543778376004,-0.6915073144741982,-2.5278628763039044,1.4631447532249275
28,-0.893568641949619,-0.12447912114370908,-0.06816299915692005,-1.564868948514798,-1.1565860782811088,-2.8370033752005943,-1.210239768751073,-0.6915073144741982,-2.7271636152058614,1.4631447532249275
29,-0.893568641949619,-0.12447912114370908,-0.06816299915692005,-1.564868948514798,-1.1565860782811088,-2.8370033752005943,-1.210239768751073,-0.6915073144741982,-2.7271636152058614,1.4631447532249275
30,-0.893568641949619,-0.12447912114370908,-0.06816299915692005,-1.564868948514798,-1.1565860782811088,-2.8370033752005943,-1.210239768751073,-0.6915073144741982,-2.7271636152058614,1.4631447532249275
31,-0.893568641949619,-0.15444239559571324,-0.06816299915692005,-1.564868948514798,-1.1565860782811088,-2.8370033752005943,-1.210239768751073,-0.6915073144741982,-2.7271636152058614,1.4631447532249275
32,-0.893568641949619,-0.15444239559571324,-0.06816299915692005,-1.564868948514798,-1.1565860782811088,-2.8370033752005943,-1.210239768751073,-0.6915073144741982,-2.7271636152058614,1.4631447532249275
33,-0.893568641949619,-0.15444239559571324,-0.06816299915692005,-1.564868948514798,-1.1565860782811088,-6.670892333348494,-1.210239768751073,-0.6915073144741982,-2.7271636152058614,1.4631447532249275
34,-0.893568641949619,-0.15444239559571324,-0.06816299915692005,-1.564868948514798,-1.1565860782811088,-6.670892333348494,-1.210239768751073,-0.6915073144741982,-2.7271636152058614,1.4631447532249275
35,-0.9261425829429577,-0.15444239559571324,-0.06816299915692005,-1.564868948514798,-1.1565860782811088,-6.670892333348494,-1.210239768751073,-0.6915073144741982,-2.7271636152058614,1.4631447532249275
36,-0.9261425829429577,-0.15444239559571324,-0.06816299915692005,-1.564868948514798,-1.1565860782811088,-6.670892333348494,-1.210239768751073,-0.6915073144741982,-2.7271636152058614,1.4631447532249275
37,-0.9261425829429577,-0.15444239559571324,-0.06816299915692005,-1.564868948514798,-1.1565860782811088,-6.670892333348494,-1.210239768751073,-0.6915073144741982,-2.7271636152058614,1.4631447532249275
38,-0.9261425829429577,-0.15444239559571324,-0.06816299915692005,-1.564868948514798,-1.1565860782811088,-6.670892333348494,-1.210239768751073,-0.6915073144741982,-2.7271636152058614,1.4631447532249275
39,-0.9261425829429577,-0.15444239559571324,-0.06816299915692005,-1.564868948514798,-1.1565860782811088,-6.670892333348494,-1.210239768751073,-0.6915073144741982,-2.7271636152058614,1.4631447532249275
40,-0.9261425829429577,-0.15444239559571324,-0.06816299915692005,-1.564868948514798,-1.1565860782811088,-6.670892333348494,-1.210239768751073,-0.6915073144741982,-2.7271636152058614,1.3814171299496771
41,-0.9261425829429577,-0.15444239559571324,-0.06816299915692005,-1.564868948514798,-1.1565860782811088,-6.670892333348494,-1.210239768751073,-0.6915073144741982,-2.7271636152058614,1.3814171299496771
42,-0.9261425829429577,-0.15444239559571324,-0.06816299915692005,-1.564868948514798,-1.1565860782811088,-6.670892333348494,-1.210239768751073,-0.6915073144741982,-2.7271636152058614,1.3814171299496771
43,-0.9261425829429577,-0.15444239559571324,-0.06816299915692005,-1.564868948514798,-1.1565860782811088,-6.670892333348494,-1.210239768751073,-0.6915073144741982,-2.7271636152058614,1.3814171299496771
44,-0.9261425829429577,-0.15444239559571324,-0.06816299915692005,-1.564868948514798,-1.1565860782811088,-6.670892333348494,-1.210239768751073,-0.6915073144741982,-2.7271636152058614,1.3647496473747425
45,-0.9261425829429577,-0.15444239559571324,-0.06816299915692005,-1.564868948514798,-1.1565860782811088,-6.670892333348494,-1.210239768751073,-0.6915073144741982,-2.7271636152058614,1.3647496473747425
46,-0.9261425829429577,-0.15444239559571324,-0.06816299915692005,-1.564868948514798,-1.1565860782811088,-6.670892333348494,-1.210239768751073,-0.6915073144741982,-2.7271636152058614,1.3647496473747425
47,-0.9261425829429577,-0.15444239559571324,-0.06816299915692005,-1.564868948514798,-1.1565860782811088,-6.670892333348494,-1.55207413458874,-0.6915073144741982,-2.7271636152058614,1.3647496473747425
48,-0.9261425829429577,-0.15444239559571324,-0.06816299915692005,-1.564868948514798,-1.1565860782811088,-6.670892333348494,-1.55207413458874,-0.6915073144741982,-2.7271636152058614,1.3647496473747425
49,-0.9261425829429577,-0.15444239559571324,-0.06816299915692005,-1.564868948514798,-1.1565860782811088,-6.670892333348494,-1.55207413458874,-0.6915073144741982,-3.011866223105387,1.3647496473747425
50,-0.9261425829429577,-0.15444239559571324,-0.06816299915692005,-1.564868948514798,-1.1565860782811088,-6.670892333348494,-1.55207413458874,-0.6915073144741982,-3.011866223105387,1.3647496473747425
51,-0.9261425829429577,-0.15444239559571324,-0.06816299915692005,-1.564868948514798,-1.1565860782811088,-6.670892333348494,-1.55207413458874,-0.7552908306799408,-3.011866223105387,1.3647496473747425
52,-0.9261425829429577,-0.15444239559571324,-0.06816299915692005,-1.564868948514798,-1.1565860782811088,-6.670892333348494,-1.55207413458874,-0.7552908306799408,-3.011866223105387,1.3647496473747425
53,-0.9261425829429577,-0.5267988040303534,-0.06816299915692005,-1.564868948514798,-1.1565860782811088,-6.670892333348494,-1.55207413458874,-0.7552908306799408,-3.011866223105387,1.3647496473747425
54,-0.9261425829429577,-0.5267988040303534,-0.06816299915692005,-1.564868948514798,-1.1565860782811088,-6.670892333348494,-1.55207413458874,-0.7552908306799408,-3.011866223105387,1.3647496473747425
55,-0.9261425829429577,-0.5267988040303534,-0.06816299915692005,-1.564868948514798,-1.1565860782811088,-6.670892333348494,-1.55207413458874,-0.7552908306799408,-3.011866223105387,1.3647496473747425
56,-0.9293036818791647,-0.5267988040303534,-0.06816299915692005,-1.564868948514798,-1.1565860782811088,-6.670892333348494,-1.55207413458874,-0.7552908306799408,-3.011866223105387,1.3647496473747425
57,-0.9293036818791647,-0.5267988040303534,-0.06816299915692005,-1.564868948514798,-1.1565860782811088,-6.670892333348494,-1.55207413458874,-0.7552908306799408,-3.011866223105387,0.6847820400610789
58,-0.9293036818791647,-0.5267988040303534,-0.06816299915692005,-1.564868948514798,-1.1565860782811088,-6.670892333348494,-1.55207413458874,-0.7552908306799408,-3.011866223105387,0.6847820400610789
59,-0.9293036818791647,-0.5267988040303534,-0.06816299915692005,-1.564868948514798,-2.2823340664968614,-6.670892333348494,-1.55207413458874,-0.7552908306799408,-3.011866223105387,0.6847820400610789
60,-0.9293036818791647,-0.5267988040303534,-0.06816299915692005,-1.564868948514798,-2.2823340664968614,-6.670892333348494,-1.55207413458874,-0.7552908306799408,-3.011866223105387,0.6847820400610789
61,-0.9293036818791647,-0.5267988040303534,-0.06816299915692005,-1.564868948514798,-2.2823340664968614,-6.670892333348494,-1.55207413458874,-0.7552908306799408,-3.011866223105387,0.6847820400610789
62,-0.9293036818791647,-0.5267988040303534,-0.06816299915692005,-1.564868948514798,-2.2823340664968614,-6.670892333348494,-1.55207413458874,-0.7552908306799408,-3.011866223105387,0.6847820400610789
63,-0.9293036818791647,-0.5267988040303534,-0.06816299915692005,-1.564868948514798,-2.2823340664968614,-6.670892333348494,-1.55207413458874,-0.7849438075368641,-3.011866223105387,0.6847820400610789
64,-0.9293036818791647,-0.5267988040303534,-0.06816299915692005,-1.564868948514798,-2.2823340664968614,-6.670892333348494,-1.55207413458874,-0.7849438075368641,-3.011866223105387,0.6847820400610789
65,-0.9293036818791647,-0.5267988040303534,-0.06816299915692005,-1.564868948514798,-2.2823340664968614,-6.670892333348494,-1.55207413458874,-0.8008268104353605,-3.011866223105387,0.6847820400610789
66,-0.9293036818791647,-0.5267988040303534,-0.06816299915692005,-1.564868948514798,-2.2823340664968614,-6.670892333348494,-1.55207413458874,-0.8008268104353605,-3.011866223105387,0.6847820400610789
67,-0.9293036818791647,-0.5267988040303534,-0.06816299915692005,-1.564868948514798,-2.2823340664968614,-6.670892333348494,-1.55207413458874,-0.8008268104353605,-3.011866223105387,0.6847820400610789
68,-0.9293036818791647,-0.5267988040303534,-0.06816299915692005,-1.564868948514798,-2.2823340664968614,-6.670892333348494,-1.55207413458874,-0.8008268104353605,-3.011866223105387,0.6847820400610789
69,-0.9293036818791647,-0.5267988040303534,-0.06816299915692005,-1.564868948514798,-2.2823340664968614,-6.670892333348494,-1.55207413458874,-0.8008268104353605,-3.011866223105387,0.6847820400610789
70,-0.9293036818791647,-0.7578571277009432,-0.06816299915692005,-1.564868948514798,-2.2823340664968614,-6.670892333348494,-1.55207413458874,-0.8008268104353605,-3.011866223105387,0.6847820400610789
71,-0.9293036818791647,-0.7578571277009432,-0.06816299915692005,-1.564868948514798,-2.2823340664968614,-6.670892333348494,-1.55207413458874,-0.8008268104353605,-3.011866223105387,0.6847820400610789
72,-0.9293036818791647,-0.7578571277009432,-0.06816299915692005,-1.564868948514798,-2.2823340664968614,-6.670892333348494,-1.55207413458874,-0.8008268104353605,-3.011866223105387,0.6847820400610789
73,-0.9293036818791647,-0.7578571277009432,-0.06816299915692005,-1.564868948514798,-2.2823340664968614,-6.670892333348494,-1.55207413458874,-0.8008268104353605,-3.011866223105387,0.6847820400610789
74,-0.9293036818791647,-0.7578571277009432,-0.06816299915692005,-1.564868948514798,-2.2823340664968614,-6.670892333348494,-1.55207413458874,-1.0005956628487984,-3.011866223105387,0.6847820400610789
75,-0.9293036818791647,-0.7578571277009432,-0.06816299915692005,-1.564868948514798,-2.2823340664968614,-6.670892333348494,-1.55207413458874,-1.0005956628487984,-3.011866223105387,0.6847820400610789
76,-0.9293036818791647,-0.7578571277009432,-0.06816299915692005,-1.564868948514798,-2.2823340664968614,-6.670892333348494,-1.55207413458874,-1.0005956628487984,-3.011866223105387,0.6847820400610789
77,-0.9293036818791647,-0.7578571277009432,-0.06816299915692005,-1.564868948514798,-2.2823340664968614,-6.670892333348494,-1.55207413458874,-1.0005956628487984,-3.011866223105387,0.6847820400610789
78,-0.9293036818791647,-0.7578571277009432,-0.06816299915692005,-1.564868948514798,-2.2823340664968614,-6.670892333348494,-1.55207413458874,-1.0005956628487984,-3.011866223105387,0.6847820400610789
79,-0.9293036818791647,-0.7578571277009432,-0.06816299915692005,-1.564868948514798,-2.2823340664968614,-6.670892333348494,-1.55207413458874,-1.0005956628487984,-3.011866223105387,0.6847820400610789
80,-0.9293036818791647,-0.7578571277009432,-0.06816299915692005,-1.564868948514798,-2.2823340664968614,-6.670892333348494,-1.55207413458874,-1.0005956628487984,-3.011866223105387,0.6847820400610789
81,-0.9293036818791647,-0.7578571277009432,-0.06816299915692005,-1.564868948514798,-2.2823340664968614,-6.670892333348494,-1.55207413458874,-1.0005956628487984,-3.011866223105387,0.6847820400610789
82,-0.9293036818791647,-0.7578571277009432,-0.06816299915692005,-1.564868948514798,-2.2823340664968614,-6.670892333348494,-1.55207413458874,-1.0005956628487984,-3.011866223105387,0.6847820400610789
83,-0.9293036818791647,-0.7578571277009432,-0.06816299915692005,-1.564868948514798,-2.2823340664968614,-6.670892333348494,-2.88029961280478,-1.0005956628487984,-3.011866223105387,0.6847820400610789
84,-0.9293036818791647,-0.7578571277009432,-0.06816299915692005,-1.564868948514798,-2.2823340664968614,-6.670892333348494,-2.88029961280478,-1.0005956628487984,-3.5567772222632885,0.6847820400610789
85,-0.9293036818791647,-0.7578571277009432,-0.06816299915692005,-1.564868948514798,-2.2823340664968614,-6.670892333348494,-2.88029961280478,-1.0005956628487984,-3.5567772222632885,0.6847820400610789
86,-0.9293036818791647,-0.7578571277009432,-0.06816299915692005,-1.564868948514798,-2.2823340664968614,-6.670892333348494,-2.88029961280478,-1.0005956628487984,-3.5567772222632885,0.6847820400610789
87,-0.9293036818791647,-0.7578571277009432,-0.06816299915692005,-1.564868948514798,-2.2823340664968614,-6.670892333348494,-2.88029961280478,-1.0005956628487984,-3.5567772222632885,0.6847820400610789
88,-0.9293036818791647,-0.7578571277009432,-0.06816299915692005,-1.564868948514798,-2.2823340664968614,-6.670892333348494,-2.88029961280478,-1.0005956628487984,-3.5567772222632885,0.6847820400610789
89,-0.9293036818791647,-0.7578571277009432,-0.06816299915692005,-1.564868948514798,-2.2823340664968614,-6.670892333348494,-2.88029961280478,-1.0005956628487984,-3.5567772222632885,0.6847820400610789
90,-0.9293036818791647,-0.7578571277009432,-0.06816299915692005,-1.564868948514798,-2.2823340664968614,-6.670892333348494,-2.88029961280478,-1.0005956628487984,-3.5567772222632885,0.6847820400610789
91,-0.9293036818791647,-0.7578571277009432,-0.06816299915692005,-1.564868948514798,-2.2823340664968614,-6.670892333348494,-2.88029961280478,-1.0005956628487984,-3.5567772222632885,0.6847820400610789
92,-0.9293036818791647,-0.7578571277009432,-0.06816299915692005,-1.564868948514798,-2.2823340664968614,-6.670892333348494,-2.88029961280478,-1.0005956628487984,-3.5567772222632885,0.6847820400610789
93,-0.9293036818791647,-0.7578571277009432,-0.06816299915692005,-1.564868948514798,-2.2823340664968614,-6.670892333348494,-2.88029961280478,-1.0005956628487984,-3.5567772222632885,0.6847820400610789
94,-0.9293036818791647,-0.7578571277009432,-0.06816299915692005,-1.564868948514798,-2.2823340664968614,-6.670892333348494,-2.88029961280478,-1.0005956628487984,-3.5567772222632885,0.6847820400610789
95,-0.9383554765806339,-0.7578571277009432,-0.06816299915692005,-1.564868948514798,-2.2823340664968614,-6.670892333348494,-2.88029961280478,-1.0005956628487984,-3.5567772222632885,0.6847820400610789
96,-0.9383554765806339,-0.7578571277009432,-0.06816299915692005,-1.564868948514798,-2.2823340664968614,-6.670892333348494,-2.88029961280478,-1.0005956628487984,-3.5567772222632885,0.6847820400610789
97,-0.9383554765806339,-0.7578571277009432,-0.06816299915692005,-1.564868948514798,-2.2823340664968614,-6.670892333348494,-2.88029961280478,-1.0005956628487984,-3.5567772222632885,0.6847820400610789
98,-0.9383554765806339,-0.7578571277009432,-0.06816299915692005,-1.564868948514798,-2.2823340664968614,-6.670892333348494,-2.88029961280478,-1.0005956628487984,-3.5567772222632885,0.6847820400610789
99,-0.9383554765806339,-0.7578571277009432,-0.06816299915692005,-1.564868948514798,-2.2823340664968614,-6.670892333348494,-2.88029961280478,-1.0005956628487984,-3.5567772222632885,0.6847820400610789
100,-0.9383554765806339,-0.7578571277009432,-0.06816299915692005,-1.564868948514798,-2.2823340664968614,-6.670892333348494,-2.88029961280478,-1.0005956628487984,-3.5567772222632885,0.6847820400610789
101,-0.9383554765806339,-0.9712314629977417,-0.06816299915692005,-1.564868948514798,-2.2823340664968614,-6.670892333348494,-2.88029961280478,-1.0121136867813194,-3.5567772222632885,0.6847820400610789
102,-0.9383554765806339,-0.9712314629977417,-0.06816299915692005,-1.564868948514798,-2.2823340664968614,-6.670892333348494,-2.88029961280478,-1.0121136867813194,-3.5567772222632885,0.6847820400610789
103,-0.9383554765806339,-0.9712314629977417,-0.06816299915692005,-1.564868948514798,-2.2823340664968614,-6.670892333348494,-2.88029961280478,-1.0121136867813194,-3.5567772222632885,0.6847820400610789
104,-0.9383554765806339,-0.9712314629977417,-0.06816299915692005,-1.564868948514798,-2.2823340664968614,-6.670892333348494,-2.88029961280478,-1.0121136867813194,-3.5567772222632885,0.6847820400610789
105,-0.9383554765806339,-0.9712314629977417,-0.06816299915692005,-1.564868948514798,-2.2823340664968614,-6.670892333348494,-2.88029961280478,-1.0121136867813194,-3.5567772222632885,0.6847820400610789
106,-0.9383554765806339,-0.9712314629977417,-0.06816299915692005,-1.564868948514798,-2.2823340664968614,-6.670892333348494,-2.88029961280478,-1.0121136867813194,-3.5567772222632885,0.6847820400610789
107,-0.9383554765806339,-0.9712314629977417,-0.06816299915692005,-1.564868948514798,-2.2823340664968614,-6.670892333348494,-2.88029961280478,-1.0121136867813194,-3.5567772222632885,0.6847820400610789
108,-0.9599201270661821,-0.9712314629977417,-0.06816299915692005,-1.564868948514798,-2.2823340664968614,-6.670892333348494,-2.88029961280478,-1.0121136867813194,-3.5567772222632885,0.6847820400610789
109,-0.9599201270661821,-0.9712314629977417,-0.06816299915692005,-1.564868948514798,-2.2823340664968614,-6.670892333348494,-2.88029961280478,-1.0121136867813194,-3.5567772222632885,0.6847820400610789
110,-0.9599201270661821,-0.9712314629977417,-0.06816299915692005,-1.564868948514798,-2.2823340664968614,-6.670892333348494,-2.88029961280478,-1.0121136867813194,-3.5567772222632885,0.6847820400610789
111,-0.9599201270661821,-0.9712314629977417,-0.9721838888576995,-1.564868948514798,-2.2823340664968614,-6.670892333348494,-2.88029961280478,-1.0121136867813194,-3.5567772222632885,0.6847820400610789
112,-0.9599201270661821,-0.9712314629977417,-0.9721838888576995,-1.564868948514798,-2.2823340664968614,-6.670892333348494,-2.88029961280478,-1.0121136867813194,-3.5567772222632885,0.6847820400610789
113,-0.9599201270661821,-0.9712314629977417,-0.9721838888576995,-1.564868948514798,-2.2823340664968614,-6.670892333348494,-2.88029961280478,-1.0121136867813194,-3.5567772222632885,0.6847820400610789
114,-0.9599201270661821,-0.9712314629977417,-0.9721838888576995,-1.564868948514798,-2.2823340664968614,-6.670892333348494,-2.88029961280478,-1.0121136867813194,-3.5567772222632885,0.6847820400610789
115,-0.9599201270661821,-0.9712314629977417,-0.9721838888576995,-1.564868948514798,-2.2823340664968614,-6.670892333348494,-2.88029961280478,-1.0121136867813194,-3.5567772222632885,0.6847820400610789
116,-0.9599201270661821,-0.9712314629977417,-0.9721838888576995,-1.564868948514798,-2.2823340664968614,-6.670892333348494,-2.88029961280478,-1.0121136867813194,-3.5567772222632885,0.6847820400610789
117,-0.9617452681210368,-0.9712314629977417,-0.9721838888576995,-1.564868948514798,-2.2823340664968614,-6.670892333348494,-2.88029961280478,-1.0121136867813194,-3.5567772222632885,0.6847820400610789
118,-0.9617452681210368,-0.9712314629977417,-0.9721838888576995,-1.564868948514798,-2.2823340664968614,-6.670892333348494,-2.88029961280478,-1.0121136867813194,-3.5567772222632885,0.6847820400610789
119,-0.9617452681210368,-0.9712314629977417,-0.9721838888576995,-1.564868948514798,-2.2823340664968614,-6.670892333348494,-2.88029961280478,-1.0121136867813194,-3.5567772222632885,0.6847820400610789
120,-0.9617452681210368,-0.9712314629977417,-0.9721838888576995,-1.564868948514798,-2.2823340664968614,-6.670892333348494,-2.88029961280478,-1.0121136867813194,-3.5567772222632885,0.6847820400610789
121,-0.9617452681210368,-0.9712314629977417,-0.9721838888576995,-1.564868948514798,-2.2823340664968614,-6.670892333348494,-2.88029961280478,-1.0121136867813194,-3.5567772222632885,0.6847820400610789
122,-0.9617452681210368,-0.9712314629977417,-0.9721838888576995,-1.564868948514798,-2.2823340664968614,-6.670892333348494,-2.88029961280478,-1.0121136867813194,-3.5567772222632885,0.6847820400610789
123,-0.9617452681210368,-0.9712314629977417,-0.9721838888576995,-1.564868948514798,-2.2823340664968614,-6.670892333348494,-2.88029961280478,-1.0121136867813194,-3.5567772222632885,0.6847820400610789
124,-0.9617452681210368,-0.9712314629977417,-0.9721838888576995,-1.564868948514798,-2.2823340664968614,-6.670892333348494,-2.88029961280478,-1.0121136867813194,-3.5567772222632885,0.6847820400610789
125,-0.9617452681210368,-0.9712314629977417,-0.9721838888576995,-1.564868948514798,-2.2823340664968614,-6.670892333348494,-2.88029961280478,-1.0121136867813194,-3.5567772222632885,0.6847820400610789
126,-0.9617452681210368,-0.9712314629977417,-0.9721838888576995,-1.564868948514798,-2.2823340664968614,-6.670892333348494,-2.88029961280478,-1.0121136867813194,-3.5567772222632885,0.6847820400610789
127,-0.9617452681210368,-0.9712314629977417,-0.9721838888576995,-1.564868948514798,-2.2823340664968614,-6.670892333348494,-2.88029961280478,-1.0121136867813194,-3.5567772222632885,0.6847820400610789
128,-0.9617452681210368,-0.9712314629977417,-0.9721838888576995,-1.564868948514798,-2.2823340664968614,-6.670892333348494,-2.88029961280478,-1.0121136867813194,-3.5567772222632885,0.6847820400610789
129,-0.9617452681210368,-0.9712314629977417,-0.9721838888576995,-1.564868948514798,-2.2823340664968614,-6.670892333348494,-2.88029961280478,-1.0534509207219587,-3.5567772222632885,0.6847820400610789
130,-0.9617452681210368,-0.9712314629977417,-0.9721838888576995,-1.564868948514798,-2.2823340664968614,-6.670892333348494,-2.88029961280478,-1.0534509207219587,-3.5567772222632885,0.6847820400610789
131,-0.9617452681210368,-0.9712314629977417,-0.9721838888576995,-1.564868948514798,-2.2823340664968614,-6.670892333348494,-2.88029961280478,-1.0534509207219587,-3.5567772222632885,0.6847820400610789
132,-0.9617452681210368,-0.9712314629977417,-0.9721838888576995,-1.564868948514798,-2.2823340664968614,-6.670892333348494,-2.88029961280478,-1.0534509207219587,-3.5567772222632885,0.6847820400610789
133,-0.9617452681210368,-0.9712314629977417,-0.9721838888576995,-1.564868948514798,-2.2823340664968614,-6.670892333348494,-2.88029961280478,-1.0534509207219587,-3.5567772222632885,0.6847820400610789
134,-0.9617452681210368,-0.9712314629977417,-0.9721838888576995,-1.564868948514798,-2.2823340664968614,-6.670892333348494,-2.88029961280478,-1.0534509207219587,-3.6545374216673903,0.6847820400610789
135,-0.9617452681210368,-0.9712314629977417,-0.9721838888576995,-1.564868948514798,-2.2823340664968614,-6.670892333348494,-2.88029961280478,-1.0534509207219587,-3.6545374216673903,0.6847820400610789
136,-0.9617452681210368,-0.9712314629977417,-0.9721838888576995,-1.564868948514798,-2.2823340664968614,-6.670892333348494,-2.88029961280478,-1.0534509207219587,-3.6545374216673903,0.6847820400610789
137,-0.9617452681210368,-0.9712314629977417,-0.9721838888576995,-1.564868948514798,-2.2823340664968614,-6.670892333348494,-2.88029961280478,-1.0534509207219587,-3.6545374216673903,0.6847820400610789
138,-0.9617452681210368,-0.9712314629977417,-0.9721838888576995,-1.564868948514798,-2.2823340664968614,-6.670892333348494,-2.88029961280478,-1.0534509207219587,-3.6545374216673903,0.6847820400610789
139,-0.9617452681210368,-0.9712314629977417,-0.9721838888576995,-1.564868948514798,-2.2823340664968614,-6.670892333348494,-2.88029961280478,-1.0534509207219587,-3.6545374216673903,0.6847820400610789
140,-0.9617452681210368,-1.0693673054976227,-0.9721838888576995,-1.564868948514798,-2.2823340664968614,-6.670892333348494,-2.88029961280478,-1.0534509207219587,-3.6545374216673903,0.6847820400610789
141,-0.9617452681210368,-1.0693673054976227,-0.9721838888576995,-1.564868948514798,-2.2823340664968614,-6.670892333348494,-2.88029961280478,-1.0534509207219587,-3.6545374216673903,0.6847820400610789
142,-0.9617452681210368,-1.0693673054976227,-0.9721838888576995,-2.1756009937849727,-2.2823340664968614,-6.670892333348494,-2.88029961280478,-1.0534509207219587,-3.6545374216673903,0.6847820400610789
143,-0.9617452681210368,-1.0693673054976227,-0.9721838888576995,-2.1756009937849727,-2.2823340664968614,-6.670892333348494,-2.88029961280478,-1.0534509207219587,-3.6545374216673903,0.6847820400610789
144,-0.9617452681210368,-1.0693673054976227,-0.9721838888576995,-2.1756009937849727,-2.2823340664968614,-6.670892333348494,-2.88029961280478,-1.0534509207219587,-3.6545374216673903,0.6847820400610789
145,-0.9617452681210368,-1.0693673054976227,-0.9721838888576995,-2.1756009937849727,-2.2823340664968614,-6.670892333348494,-2.88029961280478,-1.0534509207219587,-3.6545374216673903,0.6847820400610789
146,-0.9617452681210368,-1.0693673054976227,-0.9721838888576995,-2.1756009937849727,-2.2823340664968614,-6.670892333348494,-2.88029961280478,-1.0534509207219587,-3.6545374216673903,0.6847820400610789
147,-0.9617452681210368,-1.0693673054976227,-0.9721838888576995,-2.1756009937849727,-2.2823340664968614,-6.670892333348494,-2.88029961280478,-1.0534509207219587,-3.6545374216673903,0.6847820400610789
148,-0.9617452681210368,-1.0693673054976227,-0.9721838888576995,-2.1756009937849727,-2.2823340664968614,-6.670892333348494,-2.88029961280478,-1.0534509207219587,-3.6545374216673903,0.6847820400610789
149,-0.9617452681210368,-1.0693673054976227,-0.9721838888576995,-2.1756009937849727,-2.2823340664968614,-6.670892333348494,-2.88029961280478,-1.0534509207219587,-3.6545374216673903,0.6847820400610789
150,-0.9617452681210368,-1.0693673054976227,-0.9721838888576995,-2.1756009937849727,-2.2823340664968614,-6.670892333348494,-2.88029961280478,-1.0534509207219587,-3.6545374216673903,0.6847820400610789
151,-0.9617452681210368,-1.0693673054976227,-0.9721838888576995,-2.1756009937849727,-2.2823340664968614,-6.670892333348494,-2.88029961280478,-1.0616935043507967,-3.6545374216673903,0.6847820400610789
152,-0.9828385687394688,-1.0693673054976227,-0.9721838888576995,-2.1756009937849727,-2.2823340664968614,-6.670892333348494,-2.88029961280478,-1.0616935043507967,-3.6545374216673903,0.6847820400610789
153,-0.9828385687394688,-1.0693673054976227,-0.9721838888576995,-2.1756009937849727,-2.2823340664968614,-6.670892333348494,-2.88029961280478,-1.0616935043507967,-3.6545374216673903,0.6847820400610789
154,-0.9828385687394688,-1.0693673054976227,-0.9721838888576995,-2.1756009937849727,-2.2823340664968614,-6.670892333348494,-2.88029961280478,-1.0616935043507967,-3.6545374216673903,0.6847820400610789
155,-0.9828385687394688,-1.0693673054976227,-0.9721838888576995,-2.1756009937849727,-2.2823340664968614,-6.670892333348494,-2.88029961280478,-1.0616935043507967,-3.6545374216673903,0.6847820400610789
156,-0.9828385687394688,-1.0693673054976227,-0.9721838888576995,-2.1756009937849727,-2.2823340664968614,-6.670892333348494,-2.88029961280478,-1.0616935043507967,-3.6545374216673903,0.6847820400610789
157,-0.9828385687394688,-1.0693673054976227,-0.9721838888576995,-2.1756009937849727,-2.2823340664968614,-6.670892333348494,-2.88029961280478,-1.0616935043507967,-3.6545374216673903,0.6847820400610789
158,-0.9828385687394688,-1.0693673054976227,-0.9721838888576995,-2.577903570261307,-2.2823340664968614,-6.670892333348494,-2.88029961280478,-1.0616935043507967,-3.6545374216673903,0.6847820400610789
159,-0.9828385687394688,-1.0693673054976227,-0.9721838888576995,-2.577903570261307,-2.2823340664968614,-6.670892333348494,-2.88029961280478,-1.0616935043507967,-3.6545374216673903,0.6847820400610789
160,-0.9848294679967265,-1.0693673054976227,-0.9721838888576995,-2.577903570261307,-2.2823340664968614,-6.670892333348494,-2.88029961280478,-1.0616935043507967,-3.6545374216673903,0.6847820400610789
161,-0.9848294679967265,-1.0693673054976227,-0.9721838888576995,-2.577903570261307,-2.2823340664968614,-6.670892333348494,-2.88029961280478,-1.0616935043507967,-3.6545374216673903,0.6847820400610789
162,-0.9848294679967265,-1.0693673054976227,-0.9721838888576995,-2.577903570261307,-2.2823340664968614,-6.670892333348494,-2.88029961280478,-1.0616935043507967,-3.6545374216673903,0.6847820400610789
163,-0.9848294679967265,-1.0693673054976227,-0.9721838888576995,-2.577903570261307,-2.2823340664968614,-6.670892333348494,-2.88029961280478,-1.0616935043507967,-3.6545374216673903,0.6847820400610789
164,-0.9848294679967265,-1.0693673054976227,-0.9721838888576995,-2.577903570261307,-2.2823340664968614,-6.670892333348494,-2.88029961280478,-1.0616935043507967,-3.6545374216673903,0.6847820400610789
165,-0.9848294679967265,-1.0693673054976227,-0.9721838888576995,-2.577903570261307,-2.2823340664968614,-6.670892333348494,-2.88029961280478,-1.0616935043507967,-3.6545374216673903,0.6847820400610789
166,-0.9848294679967265,-1.0693673054976227,-0.9721838888576995,-2.577903570261307,-2.2823340664968614,-6.670892333348494,-2.88029961280478,-1.0616935043507967,-3.6545374216673903,0.6847820400610789
167,-0.9848294679967265,-1.0693673054976227,-0.9721838888576995,-2.577903570261307,-2.2823340664968614,-6.670892333348494,-2.88029961280478,-1.0616935043507967,-3.6545374216673903,0.6847820400610789
168,-0.9848294679967265,-1.0693673054976227,-0.9721838888576995,-2.577903570261307,-2.2823340664968614,-6.670892333348494,-2.88029961280478,-1.0616935043507967,-3.6545374216673903,0.6847820400610789
169,-0.9848294679967265,-1.0693673054976227,-0.9721838888576995,-2.577903570261307,-2.2823340664968614,-6.670892333348494,-4.304633438347111,-1.0616935043507967,-3.6545374216673903,0.6847820400610789
170,-0.9848294679967265,-1.0693673054976227,-0.9721838888576995,-2.577903570261307,-2.2823340664968614,-6.670892333348494,-4.304633438347111,-1.0616935043507967,-3.6545374216673903,0.6847820400610789
171,-0.9848294679967265,-1.0693673054976227,-0.9721838888576995,-2.577903570261307,-2.2823340664968614,-6.670892333348494,-4.304633438347111,-1.0616935043507967,-3.6545374216673903,0.6847820400610789
172,-0.9848294679967265,-1.0693673054976227,-0.9721838888576995,-2.577903570261307,-2.2823340664968614,-6.670892333348494,-4.304633438347111,-1.0616935043507967,-3.6545374216673903,0.6847820400610789
173,-1.0075950229605835,-1.0693673054976227,-0.9721838888576995,-2.577903570261307,-2.2823340664968614,-6.670892333348494,-4.304633438347111,-1.0616935043507967,-3.6545374216673903,0.6847820400610789
174,-1.0075950229605835,-1.0693673054976227,-0.9721838888576995,-2.577903570261307,-2.2823340664968614,-6.670892333348494,-4.304633438347111,-1.0616935043507967,-3.6545374216673903,0.6847820400610789
175,-1.0075950229605835,-1.0693673054976227,-0.9721838888576995,-2.577903570261307,-2.2823340664968614,-6.670892333348494,-4.304633438347111,-1.0616935043507967,-3.6545374216673903,0.6847820400610789
176,-1.0075950229605835,-1.0693673054976227,-0.9721838888576995,-2.577903570261307,-2.2823340664968614,-6.670892333348494,-4.304633438347111,-1.0616935043507967,-3.6545374216673903,0.6847820400610789
177,-1.0075950229605835,-1.0693673054976227,-0.9721838888576995,-2.577903570261307,-2.2823340664968614,-6.670892333348494,-4.304633438347111,-1.0616935043507967,-3.6545374216673903,0.6847820400610789
178,-1.0075950229605835,-1.0693673054976227,-0.9721838888576995,-2.577903570261307,-2.2823340664968614,-6.670892333348494,-4.304633438347111,-1.0616935043507967,-3.6545374216673903,0.6847820400610789
179,-1.0075950229605835,-1.0693673054976227,-0.9721838888576995,-2.577903570261307,-2.2823340664968614,-6.670892333348494,-4.304633438347111,-1.0616935043507967,-3.6545374216673903,0.6847820400610789
180,-1.0075950229605835,-1.0693673054976227,-0.9721838888576995,-2.577903570261307,-2.2823340664968614,-6.670892333348494,-4.304633438347111,-1.1299287436406866,-3.6545374216673903,0.6847820400610789
181,-1.0075950229605835,-1.0693673054976227,-0.9721838888576995,-2.577903570261307,-2.2823340664968614,-6.670892333348494,-4.304633438347111,-1.1299287436406866,-3.6545374216673903,0.6847820400610789
182,-1.0075950229605835,-1.0693673054976227,-0.9721838888576995,-2.577903570261307,-2.2823340664968614,-6.670892333348494,-4.304633438347111,-1.1299287436406866,-3.6545374216673903,0.6847820400610789
183,-1.0075950229605835,-1.0693673054976227,-0.9721838888576995,-2.577903570261307,-2.2823340664968614,-6.670892333348494,-4.304633438347111,-1.1299287436406866,-3.6545374216673903,0.6847820400610789
184,-1.0075950229605835,-1.0693673054976227,-0.9721838888576995,-2.577903570261307,-2.2823340664968614,-6.670892333348494,-4.304633438347111,-1.1299287436406866,-3.6545374216673903,0.6847820400610789
185,-1.0075950229605835,-1.0693673054976227,-0.9721838888576995,-2.577903570261307,-2.2823340664968614,-6.670892333348494,-4.304633438347111,-1.1299287436406866,-3.6545374216673903,0.6847820400610789
186,-1.0075950229605835,-1.0693673054976227,-0.9721838888576995,-2.577903570261307,-2.2823340664968614,-6.670892333348494,-4.304633438347111,-1.1299287436406866,-3.6545374216673903,0.6847820400610789
187,-1.0075950229605835,-1.0693673054976227,-0.9721838888576995,-2.577903570261307,-2.2823340664968614,-6.670892333348494,-4.304633438347111,-1.1299287436406866,-4.014206345174265,0.6847820400610789
188,-1.0075950229605835,-1.0693673054976227,-0.9721838888576995,-2.577903570261307,-2.2823340664968614,-6.670892333348494,-4.304633438347111,-1.1299287436406866,-4.014206345174265,0.6847820400610789
189,-1.0075950229605835,-1.0693673054976227,-0.9721838888576995,-2.577903570261307,-2.2823340664968614,-6.670892333348494,-4.304633438347111,-1.1299287436406866,-4.014206345174265,0.6847820400610789
190,-1.0075950229605835,-1.0693673054976227,-0.9721838888576995,-2.577903570261307,-2.2823340664968614,-6.670892333348494,-4.304633438347111,-1.229701936687498,-4.014206345174265,0.6847820400610789
191,-1.0075950229605835,-1.0693673054976227,-0.9721838888576995,-2.577903570261307,-2.2823340664968614,-6.670892333348494,-4.304633438347111,-1.229701936687498,-4.014206345174265,0.6847820400610789
192,-1.0075950229605835,-1.0693673054976227,-0.9721838888576995,-2.577903570261307,-2.2823340664968614,-6.670892333348494,-4.304633438347111,-1.229701936687498,-4.014206345174265,0.6847820400610789
193,-1.0075950229605835,-1.0693673054976227,-0.9721838888576995,-2.577903570261307,-2.2823340664968614,-6.670892333348494,-4.304633438347111,-1.229701936687498,-4.014206345174265,0.6847820400610789
194,-1.0075950229605835,-1.0693673054976227,-0.9721838888576995,-2.577903570261307,-2.2823340664968614,-6.670892333348494,-4.304633438347111,-1.229701936687498,-4.014206345174265,0.6847820400610789
195,-1.0075950229605835,-1.0693673054976227,-0.9721838888576995,-2.577903570261307,-2.2823340664968614,-6.670892333348494,-4.304633438347111,-1.229701936687498,-4.014206345174265,0.6847820400610789
196,-1.0075950229605835,-1.0693673054976227,-0.9721838888576995,-2.577903570261307,-2.2823340664968614,-6.670892333348494,-4.304633438347111,-1.229701936687498,-4.014206345174265,0.6847820400610789
197,-1.0096590937415297,-1.0693673054976227,-0.9721838888576995,-2.577903570261307,-2.2823340664968614,-6.670892333348494,-4.304633438347111,-1.229701936687498,-4.014206345174265,0.6847820400610789
198,-1.0096590937415297,-1.0693673054976227,-0.9721838888576995,-2.577903570261307,-2.2823340664968614,-6.670892333348494,-4.304633438347111,-1.229701936687498,-4.014206345174265,0.6847820400610789
199,-1.0096590937415297,-1.0693673054976227,-0.9721838888576995,-2.577903570261307,-2.2823340664968614,-6.670892333348494,-4.304633438347111,-1.229701936687498,-4.014206345174265,0.6847820400610789
200,-1.0096590937415297,-1.0693673054976227,-0.9721838888576995,-2.577903570261307,-2.2823340664968614,-6.670892333348494,-4.304633438347111,-1.229701936687498,-4.014206345174265,0.6847820400610789
201,-1.0096590937415297,-1.0693673054976227,-0.9721838888576995,-2.577903570261307,-2.2823340664968614,-6.670892333348494,-4.304633438347111,-1.229701936687498,-4.014206345174265,0.6847820400610789
202,-1.0096590937415297,-1.0693673054976227,-0.9721838888576995,-2.577903570261307,-2.2823340664968614,-6.670892333348494,-4.304633438347111,-1.229701936687498,-4.014206345174265,0.6847820400610789
203,-1.0096590937415297,-1.0693673054976227,-0.9721838888576995,-2.577903570261307,-2.2823340664968614,-6.670892333348494,-4.304633438347111,-1.229701936687498,-4.014206345174265,0.6847820400610789
204,-1.0096590937415297,-1.0693673054976227,-0.9721838888576995,-2.577903570261307,-2.2823340664968614,-6.670892333348494,-4.304633438347111,-1.229701936687498,-4.014206345174265,0.6847820400610789
205,-1.0096590937415297,-1.0693673054976227,-0.9721838888576995,-2.577903570261307,-2.2823340664968614,-6.670892333348494,-4.304633438347111,-1.229701936687498,-4.014206345174265,0.6847820400610789
206,-1.0096590937415297,-1.0693673054976227,-0.9721838888576995,-2.577903570261307,-2.2823340664968614,-6.670892333348494,-4.304633438347111,-1.229701936687498,-4.014206345174265,0.6847820400610789
207,-1.0096590937415297,-1.0693673054976227,-0.9721838888576995,-2.577903570261307,-2.2823340664968614,-6.670892333348494,-4.304633438347111,-1.229701936687498,-4.014206345174265,0.6847820400610789
208,-1.0096590937415297,-1.0693673054976227,-0.9721838888576995,-2.577903570261307,-2.2823340664968614,-6.670892333348494,-4.304633438347111,-1.229701936687498,-4.014206345174265,0.6847820400610789
209,-1.0096590937415297,-1.0693673054976227,-0.9721838888576995,-2.577903570261307,-2.2823340664968614,-6.670892333348494,-4.304633438347111,-1.229701936687498,-4.014206345174265,0.6847820400610789
210,-1.0096590937415297,-1.0693673054976227,-0.9721838888576995,-2.577903570261307,-2.2823340664968614,-6.670892333348494,-4.304633438347111,-1.229701936687498,-4.014206345174265,0.6847820400610789
211,-1.0096590937415297,-1.0693673054976227,-0.9721838888576995,-2.577903570261307,-2.2823340664968614,-6.670892333348494,-4.304633438347111,-1.229701936687498,-4.014206345174265,0.6847820400610789
212,-1.0096590937415297,-1.0693673054976227,-0.9721838888576995,-2.577903570261307,-2.2823340664968614,-6.670892333348494,-4.304633438347111,-1.229701936687498,-4.014206345174265,0.6847820400610789
213,-1.0096590937415297,-1.0693673054976227,-0.9721838888576995,-2.577903570261307,-2.2823340664968614,-6.670892333348494,-4.304633438347111,-1.229701936687498,-4.014206345174265,0.6847820400610789
214,-1.0096590937415297,-1.0693673054976227,-0.9721838888576995,-2.577903570261307,-2.2823340664968614,-6.670892333348494,-4.304633438347111,-1.229701936687498,-4.014206345174265,0.6847820400610789
215,-1.0096590937415297,-1.0693673054976227,-0.9721838888576995,-2.577903570261307,-2.2823340664968614,-6.670892333348494,-4.304633438347111,-1.229701936687498,-4.014206345174265,0.6847820400610789
216,-1.0096590937415297,-1.0693673054976227,-0.9721838888576995,-2.577903570261307,-2.2823340664968614,-6.670892333348494,-4.304633438347111,-1.229701936687498,-4.014206345174265,0.6847820400610789
217,-1.0131184986855581,-1.0693673054976227,-0.9721838888576995,-2.577903570261307,-2.2823340664968614,-6.670892333348494,-4.304633438347111,-1.229701936687498,-4.014206345174265,0.6847820400610789
218,-1.0131184986855581,-1.0693673054976227,-0.9721838888576995,-2.577903570261307,-2.2823340664968614,-6.670892333348494,-4.304633438347111,-1.229701936687498,-4.014206345174265,0.6847820400610789
219,-1.0131184986855581,-1.0693673054976227,-0.9721838888576995,-2.577903570261307,-2.2823340664968614,-6.670892333348494,-4.304633438347111,-1.229701936687498,-4.014206345174265,0.6847820400610789
220,-1.0131184986855581,-1.0693673054976227,-0.9721838888576995,-2.577903570261307,-2.2823340664968614,-6.670892333348494,-4.304633438347111,-1.229701936687498,-4.014206345174265,0.6847820400610789
221,-1.0308410697385795,-1.0693673054976227,-0.9721838888576995,-2.577903570261307,-2.2823340664968614,-6.670892333348494,-4.304633438347111,-1.229701936687498,-4.014206345174265,0.6847820400610789
222,-1.0308410697385795,-1.0693673054976227,-0.9721838888576995,-2.577903570261307,-2.2823340664968614,-6.670892333348494,-4.304633438347111,-1.229701936687498,-4.014206345174265,0.6847820400610789
223,-1.0308410697385795,-1.0693673054976227,-0.9721838888576995,-2.577903570261307,-2.2823340664968614,-6.670892333348494,-4.304633438347111,-1.229701936687498,-4.014206345174265,0.6847820400610789
224,-1.0308410697385795,-1.0693673054976227,-0.9721838888576995,-2.577903570261307,-2.2823340664968614,-6.670892333348494,-4.304633438347111,-1.229701936687498,-4.014206345174265,0.6847820400610789
225,-1.0308410697385795,-1.0693673054976227,-0.9721838888576995,-2.577903570261307,-2.2823340664968614,-6.670892333348494,-4.304633438347111,-1.229701936687498,-4.014206345174265,0.6847820400610789
226,-1.0308410697385795,-1.0693673054976227,-0.9721838888576995,-2.577903570261307,-2.2823340664968614,-6.670892333348494,-4.304633438347111,-1.229701936687498,-4.014206345174265,0.6847820400610789
227,-1.0308410697385795,-1.0693673054976227,-0.9721838888576995,-2.577903570261307,-2.2823340664968614,-6.670892333348494,-4.304633438347111,-1.229701936687498,-4.014206345174265,0.6847820400610789
228,-1.0308410697385795,-1.0693673054976227,-0.9721838888576995,-2.577903570261307,-2.2823340664968614,-6.670892333348494,-4.304633438347111,-1.229701936687498,-4.014206345174265,0.6847820400610789
229,-1.0308410697385795,-1.0693673054976227,-0.9721838888576995,-2.577903570261307,-2.2823340664968614,-6.670892333348494,-4.304633438347111,-1.229701936687498,-4.014206345174265,0.6847820400610789
230,-1.0308410697385795,-1.0693673054976227,-0.9721838888576995,-2.577903570261307,-2.2823340664968614,-6.670892333348494,-4.304633438347111,-1.229701936687498,-4.014206345174265,0.6847820400610789
231,-1.0308410697385795,-1.0693673054976227,-0.9721838888576995,-2.577903570261307,-2.2823340664968614,-6.670892333348494,-4.304633438347111,-1.229701936687498,-4.014206345174265,0.6847820400610789
232,-1.0308410697385795,-1.0693673054976227,-0.9721838888576995,-2.577903570261307,-2.2823340664968614,-6.670892333348494,-4.304633438347111,-1.229701936687498,-4.014206345174265,0.6847820400610789
233,-1.0308410697385795,-1.0693673054976227,-0.9721838888576995,-2.577903570261307,-2.2823340664968614,-6.670892333348494,-4.304633438347111,-1.229701936687498,-4.014206345174265,0.6847820400610789
234,-1.0308410697385795,-1.0693673054976227,-0.9721838888576995,-2.577903570261307,-2.2823340664968614,-6.670892333348494,-4.304633438347111,-1.229701936687498,-4.014206345174265,0.6847820400610789
235,-1.0308410697385795,-1.0693673054976227,-0.9721838888576995,-2.577903570261307,-2.2823340664968614,-6.670892333348494,-4.304633438347111,-1.229701936687498,-4.014206345174265,0.6847820400610789
236,-1.0308410697385795,-1.0693673054976227,-0.9721838888576995,-2.577903570261307,-2.2823340664968614,-6.670892333348494,-4.304633438347111,-1.229701936687498,-4.014206345174265,0.6847820400610789
237,-1.0308410697385795,-1.0693673054976227,-0.9721838888576995,-2.577903570261307,-2.2823340664968614,-6.670892333348494,-4.578005750294768,-1.229701936687498,-4.014206345174265,0.6847820400610789
238,-1.0308410697385795,-1.0693673054976227,-0.9721838888576995,-2.577903570261307,-2.2823340664968614,-6.670892333348494,-4.578005750294768,-1.229701936687498,-4.014206345174265,0.6847820400610789
239,-1.0308410697385795,-1.0693673054976227,-0.9721838888576995,-2.577903570261307,-2.2823340664968614,-6.670892333348494,-4.578005750294768,-1.229701936687498,-4.014206345174265,0.6847820400610789
240,-1.0308410697385795,-1.0693673054976227,-0.9721838888576995,-2.577903570261307,-2.2823340664968614,-6.670892333348494,-4.578005750294768,-1.229701936687498,-4.014206345174265,0.6847820400610789
241,-1.0308410697385795,-1.0693673054976227,-0.9721838888576995,-2.577903570261307,-2.2823340664968614,-6.670892333348494,-4.578005750294768,-1.229701936687498,-4.014206345174265,0.6847820400610789
242,-1.0308410697385795,-1.0693673054976227,-0.9721838888576995,-2.577903570261307,-2.2823340664968614,-6.670892333348494,-4.578005750294768,-1.229701936687498,-4.014206345174265,0.6847820400610789
243,-1.0308410697385795,-1.0693673054976227,-0.9721838888576995,-2.577903570261307,-2.2823340664968614,-6.670892333348494,-4.578005750294768,-1.229701936687498,-4.014206345174265,0.6847820400610789
244,-1.0308410697385795,-1.0693673054976227,-0.9721838888576995,-2.577903570261307,-2.2823340664968614,-6.670892333348494,-4.578005750294768,-1.229701936687498,-4.014206345174265,0.6847820400610789
245,-1.0308410697385795,-1.0693673054976227,-0.9721838888576995,-2.577903570261307,-2.2823340664968614,-6.670892333348494,-4.578005750294768,-1.229701936687498,-4.014206345174265,0.6847820400610789
246,-1.0308410697385795,-1.0693673054976227,-0.9721838888576995,-2.577903570261307,-2.2823340664968614,-6.670892333348494,-4.578005750294768,-1.229701936687498,-4.014206345174265,0.6847820400610789
247,-1.0308410697385795,-1.0693673054976227,-0.9721838888576995,-2.577903570261307,-2.2823340664968614,-6.670892333348494,-4.578005750294768,-1.229701936687498,-4.014206345174265,0.6847820400610789
248,-1.0308410697385795,-1.0693673054976227,-0.9721838888576995,-2.577903570261307,-2.2823340664968614,-6.670892333348494,-4.578005750294768,-1.229701936687498,-4.014206345174265,0.6847820400610789
249,-1.0308410697385795,-1.0693673054976227,-0.9721838888576995,-2.577903570261307,-2.2823340664968614,-6.670892333348494,-4.578005750294768,-1.229701936687498,-4.014206345174265,0.6847820400610789
250,-1.0308410697385795,-1.0693673054976227,-0.9721838888576995,-2.577903570261307,-2.2823340664968614,-6.670892333348494,-4.578005750294768,-1.229701936687498,-4.014206345174265,0.6847820400610789
251,-1.0308410697385795,-1.0693673054976227,-0.9721838888576995,-2.577903570261307,-2.2823340664968614,-6.670892333348494,-4.578005750294768,-1.229701936687498,-4.014206345174265,0.6847820400610789
252,-1.0308410697385795,-1.0693673054976227,-0.9721838888576995,-2.577903570261307,-2.2823340664968614,-6.670892333348494,-4.578005750294768,-1.229701936687498,-4.014206345174265,0.6847820400610789
253,-1.0308410697385795,-1.0693673054976227,-0.9721838888576995,-2.577903570261307,-2.2823340664968614,-6.670892333348494,-4.578005750294768,-1.229701936687498,-4.014206345174265,0.6847820400610789
254,-1.0308410697385795,-1.0693673054976227,-0.9721838888576995,-2.577903570261307,-2.2823340664968614,-6.670892333348494,-4.578005750294768,-1.229701936687498,-4.014206345174265,0.6847820400610789
255,-1.0308410697385795,-1.0693673054976227,-0.9721838888576995,-2.577903570261307,-2.2823340664968614,-6.670892333348494,-4.578005750294768,-1.229701936687498,-4.014206345174265,0.6847820400610789
256,-1.0308410697385795,-1.0693673054976227,-0.9721838888576995,-2.577903570261307,-2.2823340664968614,-6.670892333348494,-4.578005750294768,-1.229701936687498,-4.335177586133238,0.6847820400610789
257,-1.0308410697385795,-1.0693673054976227,-0.9721838888576995,-2.577903570261307,-2.2823340664968614,-6.670892333348494,-4.578005750294768,-1.229701936687498,-4.335177586133238,0.6847820400610789
258,-1.0308410697385795,-1.0693673054976227,-0.9721838888576995,-2.577903570261307,-2.2823340664968614,-6.670892333348494,-4.578005750294768,-1.229701936687498,-4.335177586133238,0.6847820400610789
259,-1.0308410697385795,-1.0693673054976227,-0.9721838888576995,-2.577903570261307,-2.2823340664968614,-6.670892333348494,-4.578005750294768,-1.229701936687498,-4.335177586133238,0.6847820400610789
260,-1.0308410697385795,-1.0693673054976227,-0.9721838888576995,-2.577903570261307,-2.2823340664968614,-6.670892333348494,-4.578005750294768,-1.229701936687498,-4.335177586133238,0.6847820400610789
261,-1.0308410697385795,-1.0693673054976227,-0.9721838888576995,-2.577903570261307,-2.2823340664968614,-6.670892333348494,-4.578005750294768,-1.229701936687498,-4.335177586133238,0.6847820400610789
262,-1.0308410697385795,-1.0693673054976227,-0.9721838888576995,-2.577903570261307,-2.2823340664968614,-6.670892333348494,-4.578005750294768,-1.229701936687498,-4.335177586133238,0.6847820400610789
263,-1.0308410697385795,-1.0693673054976227,-0.9721838888576995,-2.577903570261307,-2.2823340664968614,-6.670892333348494,-4.578005750294768,-1.229701936687498,-4.335177586133238,0.6847820400610789
264,-1.0308410697385795,-1.0693673054976227,-0.9721838888576995,-2.577903570261307,-2.2823340664968614,-6.670892333348494,-4.578005750294768,-1.229701936687498,-4.335177586133238,0.6847820400610789
265,-1.0308410697385795,-1.0693673054976227,-0.9721838888576995,-2.577903570261307,-2.2823340664968614,-6.670892333348494,-4.578005750294768,-1.229701936687498,-4.335177586133238,0.6847820400610789
266,-1.0308410697385795,-1.0693673054976227,-0.9721838888576995,-2.577903570261307,-2.2823340664968614,-6.670892333348494,-4.578005750294768,-1.491555083318471,-4.335177586133238,0.6847820400610789
267,-1.0308410697385795,-1.0693673054976227,-0.9721838888576995,-2.577903570261307,-2.2823340664968614,-6.670892333348494,-4.578005750294768,-1.491555083318471,-4.335177586133238,0.6847820400610789
268,-1.0308410697385795,-1.191483065871574,-0.9721838888576995,-2.577903570261307,-2.2823340664968614,-6.670892333348494,-4.578005750294768,-1.491555083318471,-4.335177586133238,0.6847820400610789
269,-1.0308410697385795,-1.191483065871574,-0.9721838888576995,-2.577903570261307,-2.2823340664968614,-6.670892333348494,-4.578005750294768,-1.491555083318471,-4.335177586133238,0.6847820400610789
270,-1.0308410697385795,-1.191483065871574,-0.9721838888576995,-2.577903570261307,-2.2823340664968614,-6.670892333348494,-4.578005750294768,-1.491555083318471,-4.335177586133238,0.6847820400610789
271,-1.0308410697385795,-1.191483065871574,-0.9721838888576995,-2.577903570261307,-2.2823340664968614,-6.670892333348494,-4.578005750294768,-1.491555083318471,-4.335177586133238,0.6847820400610789
272,-1.0308410697385795,-1.191483065871574,-0.9721838888576995,-4.694658248964228,-2.2823340664968614,-6.670892333348494,-4.578005750294768,-1.491555083318471,-4.335177586133238,0.6847820400610789
273,-1.0308410697385795,-1.191483065871574,-0.9721838888576995,-4.694658248964228,-2.2823340664968614,-6.670892333348494,-4.578005750294768,-1.491555083318471,-4.335177586133238,0.6847820400610789
274,-1.0308410697385795,-1.191483065871574,-0.9721838888576995,-4.694658248964228,-2.2823340664968614,-6.670892333348494,-4.578005750294768,-1.491555083318471,-4.335177586133238,0.6847820400610789
275,-1.0308410697385795,-1.191483065871574,-0.9721838888576995,-4.694658248964228,-2.2823340664968614,-6.670892333348494,-4.578005750294768,-1.491555083318471,-4.335177586133238,0.6847820400610789
276,-1.0308410697385795,-1.191483065871574,-0.9721838888576995,-4.694658248964228,-2.2823340664968614,-6.670892333348494,-4.578005750294768,-1.491555083318471,-4.335177586133238,0.6847820400610789
277,-1.0308410697385795,-1.191483065871574,-0.9721838888576995,-4.694658248964228,-2.2823340664968614,-6.670892333348494,-4.578005750294768,-1.491555083318471,-4.335177586133238,0.6847820400610789
278,-1.0308410697385795,-1.191483065871574,-0.9721838888576995,-4.694658248964228,-2.2823340664968614,-6.670892333348494,-4.578005750294768,-1.491555083318471,-4.335177586133238,0.6847820400610789
279,-1.0308410697385795,-1.191483065871574,-0.9721838888576995,-4.694658248964228,-2.2823340664968614,-6.670892333348494,-4.578005750294768,-1.491555083318471,-4.335177586133238,0.6847820400610789
280,-1.0308410697385795,-1.191483065871574,-0.9721838888576995,-4.694658248964228,-2.2823340664968614,-6.670892333348494,-4.578005750294768,-1.491555083318471,-4.335177586133238,0.6847820400610789
281,-1.0308410697385795,-1.191483065871574,-0.9721838888576995,-4.694658248964228,-2.2823340664968614,-6.670892333348494,-4.578005750294768,-1.491555083318471,-4.335177586133238,0.6847820400610789
282,-1.0308410697385795,-1.191483065871574,-0.9721838888576995,-4.694658248964228,-2.2823340664968614,-6.670892333348494,-4.578005750294768,-1.491555083318471,-4.335177586133238,0.6847820400610789
283,-1.0308410697385795,-1.191483065871574,-0.9721838888576995,-4.694658248964228,-2.2823340664968614,-6.670892333348494,-4.578005750294768,-1.491555083318471,-4.335177586133238,0.6847820400610789
284,-1.0308410697385795,-1.191483065871574,-0.9721838888576995,-4.694658248964228,-2.2823340664968614,-6.670892333348494,-4.578005750294768,-1.491555083318471,-4.335177586133238,0.6847820400610789
285,-1.0308410697385795,-1.191483065871574,-0.9721838888576995,-4.694658248964228,-2.2823340664968614,-6.670892333348494,-4.578005750294768,-1.491555083318471,-4.335177586133238,0.6847820400610789
286,-1.0308410697385795,-1.191483065871574,-0.9721838888576995,-4.694658248964228,-2.2823340664968614,-6.670892333348494,-4.578005750294768,-1.491555083318471,-4.335177586133238,0.6847820400610789
287,-1.0308410697385795,-1.191483065871574,-0.9721838888576995,-4.694658248964228,-2.2823340664968614,-6.670892333348494,-4.578005750294768,-1.491555083318471,-4.335177586133238,0.6847820400610789
288,-1.0308410697385795,-1.191483065871574,-0.9721838888576995,-4.694658248964228,-2.2823340664968614,-6.670892333348494,-4.578005750294768,-1.491555083318471,-4.335177586133238,0.6847820400610789
289,-1.0308410697385795,-1.191483065871574,-0.9721838888576995,-4.694658248964228,-2.2823340664968614,-6.670892333348494,-4.578005750294768,-1.491555083318471,-4.335177586133238,0.6847820400610789
290,-1.0308410697385795,-1.191483065871574,-0.9721838888576995,-4.694658248964228,-2.2823340664968614,-6.670892333348494,-4.578005750294768,-1.491555083318471,-4.335177586133238,0.6847820400610789
291,-1.0308410697385795,-1.191483065871574,-0.9721838888576995,-4.694658248964228,-2.2823340664968614,-6.670892333348494,-4.578005750294768,-1.491555083318471,-4.335177586133238,0.6847820400610789
292,-1.0308410697385795,-1.191483065871574,-0.9721838888576995,-4.694658248964228,-2.2823340664968614,-6.670892333348494,-4.578005750294768,-1.491555083318471,-4.335177586133238,0.6847820400610789
293,-1.0308410697385795,-1.191483065871574,-0.9721838888576995,-4.694658248964228,-2.2823340664968614,-6.670892333348494,-4.578005750294768,-1.491555083318471,-4.335177586133238,0.6847820400610789
294,-1.0308410697385795,-1.191483065871574,-0.9721838888576995,-4.694658248964228,-2.2823340664968614,-6.670892333348494,-4.578005750294768,-1.491555083318471,-4.335177586133238,0.6847820400610789
295,-1.0308410697385795,-1.191483065871574,-0.9721838888576995,-4.694658248964228,-2.2823340664968614,-6.670892333348494,-4.578005750294768,-1.491555083318471,-4.335177586133238,0.6847820400610789
296,-1.0308410697385795,-1.191483065871574,-0.9721838888576995,-4.694658248964228,-2.2823340664968614,-6.670892333348494,-4.578005750294768,-1.491555083318471,-4.335177586133238,0.6847820400610789
297,-1.0308410697385795,-1.191483065871574,-0.9721838888576995,-4.694658248964228,-2.2823340664968614,-6.670892333348494,-4.578005750294768,-1.491555083318471,-4.335177586133238,0.6847820400610789
298,-1.0308410697385795,-1.191483065871574,-0.9721838888576995,-4.694658248964228,-2.2823340664968614,-6.670892333348494,-4.578005750294768,-1.491555083318471,-4.335177586133238,0.6847820400610789
299,-1.0308410697385795,-1.191483065871574,-0.9721838888576995,-4.694658248964228,-2.2823340664968614,-6.670892333348494,-4.578005750294768,-1.491555083318471,-4.335177586133238,0.6847820400610789
300,-1.0308410697385795,-1.191483065871574,-0.9721838888576995,-4.694658248964228,-2.2823340664968614,-6.670892333348494,-4.578005750294768,-1.491555083318471,-4.335177586133238,0.6847820400610789
301,-1.0308410697385795,-1.191483065871574,-0.9721838888576995,-4.694658248964228,-2.2823340664968614,-6.670892333348494,-4.578005750294768,-2.05887050340398,-4.335177586133238,0.6847820400610789
302,-1.0308410697385795,-1.191483065871574,-0.9721838888576995,-4.694658248964228,-2.2823340664968614,-6.670892333348494,-4.578005750294768,-2.05887050340398,-4.335177586133238,0.6847820400610789
303,-1.0308410697385795,-1.191483065871574,-0.9721838888576995,-4.694658248964228,-2.2823340664968614,-6.670892333348494,-4.578005750294768,-2.05887050340398,-4.335177586133238,0.6847820400610789
304,-1.0308410697385795,-1.191483065871574,-0.9721838888576995,-4.694658248964228,-2.2823340664968614,-6.670892333348494,-4.578005750294768,-2.05887050340398,-4.335177586133238,0.6847820400610789
305,-1.0308410697385795,-1.191483065871574,-0.9721838888576995,-4.694658248964228,-2.2823340664968614,-6.670892333348494,-4.578005750294768,-2.05887050340398,-4.335177586133238,0.6847820400610789
306,-1.0308410697385795,-1.191483065871574,-0.9721838888576995,-4.694658248964228,-2.2823340664968614,-6.670892333348494,-4.578005750294768,-2.05887050340398,-4.335177586133238,0.6847820400610789
307,-1.0308410697385795,-1.191483065871574,-0.9721838888576995,-4.694658248964228,-2.2823340664968614,-6.670892333348494,-4.578005750294768,-2.05887050340398,-4.335177586133238,0.6847820400610789
308,-1.0308410697385795,-1.191483065871574,-0.9721838888576995,-4.694658248964228,-2.2823340664968614,-6.670892333348494,-4.578005750294768,-2.05887050340398,-4.335177586133238,0.6847820400610789
309,-1.0308410697385795,-1.191483065871574,-0.9721838888576995,-4.694658248964228,-2.2823340664968614,-6.670892333348494,-4.578005750294768,-2.05887050340398,-4.335177586133238,0.6847820400610789
310,-1.0308410697385795,-1.191483065871574,-0.9721838888576995,-4.694658248964228,-2.2823340664968614,-6.670892333348494,-4.578005750294768,-2.05887050340398,-4.335177586133238,0.6847820400610789
311,-1.0308410697385795,-1.191483065871574,-0.9721838888576995,-4.694658248964228,-2.2823340664968614,-6.670892333348494,-4.578005750294768,-2.05887050340398,-4.335177586133238,0.6847820400610789
312,-1.0308410697385795,-1.191483065871574,-0.9721838888576995,-4.694658248964228,-2.2823340664968614,-6.670892333348494,-4.578005750294768,-2.05887050340398,-4.335177586133238,0.6847820400610789
313,-1.0308410697385795,-1.191483065871574,-0.9721838888576995,-4.694658248964228,-2.2823340664968614,-6.670892333348494,-4.578005750294768,-2.05887050340398,-4.335177586133238,0.6847820400610789
314,-1.0308410697385795,-1.191483065871574,-0.9721838888576995,-4.694658248964228,-2.2823340664968614,-6.670892333348494,-4.578005750294768,-2.05887050340398,-4.335177586133238,0.6847820400610789
315,-1.0308410697385795,-1.191483065871574,-0.9721838888576995,-4.694658248964228,-2.2823340664968614,-6.670892333348494,-4.578005750294768,-2.05887050340398,-4.335177586133238,0.6847820400610789
316,-1.0308410697385795,-1.191483065871574,-0.9721838888576995,-4.694658248964228,-2.2823340664968614,-6.670892333348494,-4.578005750294768,-2.05887050340398,-4.335177586133238,0.6847820400610789
317,-1.0308410697385795,-1.191483065871574,-0.9721838888576995,-4.694658248964228,-2.2823340664968614,-6.670892333348494,-4.578005750294768,-2.05887050340398,-4.335177586133238,0.6847820400610789
318,-1.0308410697385795,-1.191483065871574,-0.9721838888576995,-4.694658248964228,-2.2823340664968614,-6.670892333348494,-4.578005750294768,-2.05887050340398,-4.335177586133238,0.6847820400610789
319,-1.0308410697385795,-1.191483065871574,-0.9721838888576995,-4.694658248964228,-2.6995884598456126,-6.670892333348494,-4.578005750294768,-2.05887050340398,-4.335177586133238,0.6847820400610789
320,-1.0308410697385795,-1.191483065871574,-0.9721838888576995,-4.694658248964228,-2.6995884598456126,-6.670892333348494,-4.578005750294768,-2.05887050340398,-4.335177586133238,0.6847820400610789
321,-1.0308410697385795,-1.191483065871574,-0.9721838888576995,-4.694658248964228,-2.6995884598456126,-6.670892333348494,-4.578005750294768,-2.05887050340398,-4.335177586133238,0.6847820400610789
322,-1.0308410697385795,-1.191483065871574,-0.9721838888576995,-4.694658248964228,-2.6995884598456126,-6.670892333348494,-4.578005750294768,-2.05887050340398,-4.335177586133238,0.6847820400610789
323,-1.0308410697385795,-1.191483065871574,-0.9721838888576995,-4.694658248964228,-2.6995884598456126,-6.670892333348494,-4.578005750294768,-2.05887050340398,-4.335177586133238,0.6847820400610789
324,-1.0308410697385795,-1.191483065871574,-0.9721838888576995,-4.694658248964228,-2.6995884598456126,-6.670892333348494,-4.578005750294768,-2.05887050340398,-4.335177586133238,0.6847820400610789
325,-1.0308410697385795,-1.191483065871574,-0.9721838888576995,-4.694658248964228,-2.6995884598456126,-6.670892333348494,-4.578005750294768,-2.05887050340398,-4.335177586133238,0.6847820400610789
326,-1.0308410697385795,-1.191483065871574,-0.9721838888576995,-4.694658248964228,-2.6995884598456126,-6.670892333348494,-4.578005750294768,-2.05887050340398,-4.335177586133238,0.6847820400610789
327,-1.0308410697385795,-1.191483065871574,-0.9721838888576995,-4.694658248964228,-2.6995884598456126,-6.670892333348494,-4.578005750294768,-2.05887050340398,-4.335177586133238,0.6847820400610789
328,-1.0308410697385795,-1.191483065871574,-0.9721838888576995,-4.694658248964228,-2.6995884598456126,-6.670892333348494,-4.578005750294768,-2.05887050340398,-4.335177586133238,0.6847820400610789
329,-1.0308410697385795,-1.191483065871574,-0.9721838888576995,-4.694658248964228,-2.6995884598456126,-6.670892333348494,-4.578005750294768,-2.05887050340398,-4.335177586133238,0.6847820400610789
330,-1.0308410697385795,-1.191483065871574,-0.9721838888576995,-4.694658248964228,-2.6995884598456126,-6.670892333348494,-4.578005750294768,-2.05887050340398,-4.335177586133238,0.6847820400610789
331,-1.0548220108522801,-1.191483065871574,-0.9721838888576995,-4.694658248964228,-2.6995884598456126,-6.670892333348494,-4.578005750294768,-2.05887050340398,-4.335177586133238,0.6847820400610789
332,-1.0548220108522801,-1.191483065871574,-0.9721838888576995,-4.694658248964228,-2.6995884598456126,-6.670892333348494,-4.578005750294768,-2.05887050340398,-4.335177586133238,0.6847820400610789
333,-1.0548220108522801,-1.191483065871574,-0.9721838888576995,-4.694658248964228,-2.6995884598456126,-6.670892333348494,-4.578005750294768,-2.05887050340398,-4.335177586133238,0.6847820400610789
334,-1.0548220108522801,-1.191483065871574,-0.9721838888576995,-4.694658248964228,-2.6995884598456126,-6.670892333348494,-4.578005750294768,-2.05887050340398,-4.335177586133238,0.6847820400610789
335,-1.0548220108522801,-1.191483065871574,-0.9721838888576995,-4.694658248964228,-2.6995884598456126,-6.670892333348494,-4.578005750294768,-2.05887050340398,-4.335177586133238,0.6847820400610789
336,-1.0548220108522801,-1.191483065871574,-0.9721838888576995,-4.694658248964228,-2.6995884598456126,-6.670892333348494,-4.578005750294768,-2.05887050340398,-4.335177586133238,0.6847820400610789
337,-1.0548220108522801,-1.191483065871574,-0.9721838888576995,-4.694658248964228,-2.6995884598456126,-6.670892333348494,-4.578005750294768,-2.05887050340398,-4.335177586133238,0.6847820400610789
338,-1.0548220108522801,-1.191483065871574,-0.9721838888576995,-4.694658248964228,-2.6995884598456126,-6.670892333348494,-4.578005750294768,-2.05887050340398,-4.335177586133238,0.6847820400610789
339,-1.0548220108522801,-1.191483065871574,-0.9721838888576995,-4.694658248964228,-2.6995884598456126,-6.670892333348494,-4.578005750294768,-2.05887050340398,-4.335177586133238,0.6847820400610789
340,-1.0548220108522801,-1.191483065871574,-0.9721838888576995,-4.694658248964228,-2.6995884598456126,-6.670892333348494,-4.578005750294768,-2.05887050340398,-4.335177586133238,0.6847820400610789
341,-1.0548220108522801,-1.191483065871574,-0.9721838888576995,-4.694658248964228,-2.6995884598456126,-6.670892333348494,-4.578005750294768,-2.05887050340398,-4.335177586133238,0.6847820400610789
342,-1.0548220108522801,-1.191483065871574,-0.9721838888576995,-4.694658248964228,-2.6995884598456126,-6.670892333348494,-4.578005750294768,-2.05887050340398,-4.335177586133238,0.6847820400610789
343,-1.0548220108522801,-1.191483065871574,-0.9721838888576995,-4.694658248964228,-2.6995884598456126,-6.670892333348494,-4.578005750294768,-2.05887050340398,-4.335177586133238,0.6847820400610789
344,-1.0548220108522801,-1.191483065871574,-0.9721838888576995,-4.694658248964228,-2.6995884598456126,-6.670892333348494,-4.578005750294768,-2.05887050340398,-4.335177586133238,0.6847820400610789
345,-1.0548220108522801,-1.191483065871574,-0.9721838888576995,-4.694658248964228,-2.6995884598456126,-6.670892333348494,-4.578005750294768,-2.05887050340398,-4.335177586133238,0.6847820400610789
346,-1.0548220108522801,-1.191483065871574,-0.9721838888576995,-4.694658248964228,-2.6995884598456126,-6.670892333348494,-4.578005750294768,-2.05887050340398,-4.335177586133238,0.6847820400610789
347,-1.0548220108522801,-1.191483065871574,-0.9721838888576995,-4.694658248964228,-2.6995884598456126,-6.670892333348494,-4.578005750294768,-2.05887050340398,-4.573475838182663,0.6847820400610789
348,-1.0548220108522801,-1.191483065871574,-0.9721838888576995,-4.694658248964228,-2.6995884598456126,-6.670892333348494,-4.578005750294768,-2.05887050340398,-4.573475838182663,0.6847820400610789
349,-1.0548220108522801,-1.191483065871574,-0.9721838888576995,-4.694658248964228,-2.6995884598456126,-6.670892333348494,-4.578005750294768,-2.05887050340398,-4.573475838182663,0.6847820400610789
350,-1.0548220108522801,-1.191483065871574,-0.9721838888576995,-4.694658248964228,-2.6995884598456126,-6.670892333348494,-4.578005750294768,-2.05887050340398,-4.573475838182663,0.6847820400610789
351,-1.0548220108522801,-1.191483065871574,-0.9721838888576995,-4.694658248964228,-2.6995884598456126,-6.670892333348494,-4.578005750294768,-2.05887050340398,-4.573475838182663,0.6847820400610789
352,-1.0548220108522801,-1.191483065871574,-0.9721838888576995,-4.694658248964228,-2.6995884598456126,-6.670892333348494,-4.578005750294768,-2.05887050340398,-4.573475838182663,0.6847820400610789
353,-1.0548220108522801,-1.191483065871574,-0.9721838888576995,-4.694658248964228,-2.6995884598456126,-6.670892333348494,-4.578005750294768,-2.05887050340398,-4.573475838182663,0.6847820400610789
354,-1.0548220108522801,-1.191483065871574,-0.9721838888576995,-4.694658248964228,-2.6995884598456126,-6.670892333348494,-4.578005750294768,-2.05887050340398,-4.573475838182663,0.6847820400610789
355,-1.0548220108522801,-1.191483065871574,-0.9721838888576995,-4.694658248964228,-2.6995884598456126,-6.670892333348494,-4.578005750294768,-2.05887050340398,-4.573475838182663,0.6847820400610789
356,-1.0548220108522801,-1.191483065871574,-0.9721838888576995,-4.694658248964228,-2.6995884598456126,-6.670892333348494,-4.578005750294768,-2.05887050340398,-4.573475838182663,0.6847820400610789
357,-1.0548220108522801,-1.191483065871574,-0.9721838888576995,-4.694658248964228,-2.6995884598456126,-6.670892333348494,-4.578005750294768,-2.05887050340398,-4.573475838182663,0.6847820400610789
358,-1.0548220108522801,-1.191483065871574,-0.9721838888576995,-4.694658248964228,-2.6995884598456126,-6.670892333348494,-4.578005750294768,-2.05887050340398,-4.573475838182663,0.6847820400610789
359,-1.0548220108522801,-1.191483065871574,-0.9721838888576995,-4.694658248964228,-2.6995884598456126,-6.670892333348494,-4.578005750294768,-2.05887050340398,-4.573475838182663,0.6847820400610789
360,-1.0548220108522801,-1.191483065871574,-0.9721838888576995,-4.694658248964228,-2.6995884598456126,-6.670892333348494,-4.578005750294768,-2.05887050340398,-4.573475838182663,0.6847820400610789
361,-1.0548220108522801,-1.191483065871574,-0.9721838888576995,-4.694658248964228,-2.6995884598456126,-6.670892333348494,-4.578005750294768,-2.05887050340398,-4.573475838182663,0.6847820400610789
362,-1.0548220108522801,-1.191483065871574,-0.9721838888576995,-4.694658248964228,-2.6995884598456126,-6.670892333348494,-4.578005750294768,-2.05887050340398,-4.573475838182663,0.6847820400610789
363,-1.0548220108522801,-1.191483065871574,-0.9721838888576995,-4.694658248964228,-2.6995884598456126,-6.670892333348494,-4.578005750294768,-2.05887050340398,-4.573475838182663,0.6847820400610789
364,-1.0548220108522801,-1.191483065871574,-0.9721838888576995,-4.694658248964228,-2.6995884598456126,-6.670892333348494,-4.578005750294768,-2.05887050340398,-4.573475838182663,0.6847820400610789
365,-1.0548220108522801,-1.191483065871574,-0.9721838888576995,-4.694658248964228,-2.6995884598456126,-6.670892333348494,-4.578005750294768,-2.05887050340398,-4.573475838182663,0.6847820400610789
366,-1.0548220108522801,-1.191483065871574,-0.9721838888576995,-4.694658248964228,-2.6995884598456126,-6.670892333348494,-4.578005750294768,-2.05887050340398,-4.573475838182663,0.6847820400610789
367,-1.0548220108522801,-1.191483065871574,-0.9721838888576995,-4.694658248964228,-2.6995884598456126,-6.670892333348494,-4.578005750294768,-2.05887050340398,-4.573475838182663,0.6847820400610789
368,-1.0548220108522801,-1.191483065871574,-0.9721838888576995,-4.694658248964228,-2.6995884598456126,-6.670892333348494,-4.578005750294768,-2.05887050340398,-4.573475838182663,0.6847820400610789
369,-1.0548220108522801,-1.191483065871574,-0.9721838888576995,-4.694658248964228,-2.6995884598456126,-6.670892333348494,-4.578005750294768,-2.05887050340398,-4.573475838182663,0.6847820400610789
370,-1.0548220108522801,-1.191483065871574,-0.9721838888576995,-4.694658248964228,-2.6995884598456126,-6.670892333348494,-4.578005750294768,-2.05887050340398,-4.573475838182663,0.6847820400610789
371,-1.0548220108522801,-1.191483065871574,-0.9721838888576995,-4.694658248964228,-2.6995884598456126,-6.670892333348494,-4.578005750294768,-2.05887050340398,-4.573475838182663,0.6847820400610789
372,-1.0548220108522801,-1.191483065871574,-0.9721838888576995,-4.694658248964228,-2.6995884598456126,-6.670892333348494,-4.578005750294768,-2.05887050340398,-4.573475838182663,0.6847820400610789
373,-1.0548220108522801,-1.191483065871574,-0.9721838888576995,-4.694658248964228,-2.6995884598456126,-6.670892333348494,-4.578005750294768,-2.05887050340398,-4.573475838182663,0.6847820400610789
374,-1.0548220108522801,-1.191483065871574,-0.9721838888576995,-4.694658248964228,-2.6995884598456126,-6.670892333348494,-4.578005750294768,-2.05887050340398,-4.573475838182663,0.6847820400610789
375,-1.0548220108522801,-1.191483065871574,-0.9721838888576995,-4.694658248964228,-2.6995884598456126,-6.670892333348494,-4.578005750294768,-2.05887050340398,-4.573475838182663,0.6847820400610789
376,-1.0548220108522801,-1.191483065871574,-0.9721838888576995,-4.694658248964228,-2.6995884598456126,-6.670892333348494,-4.578005750294768,-2.05887050340398,-4.573475838182663,0.6847820400610789
377,-1.0548220108522801,-1.191483065871574,-0.9721838888576995,-5.21685218442482,-2.6995884598456126,-6.670892333348494,-4.578005750294768,-2.05887050340398,-4.573475838182663,0.6847820400610789
378,-1.0548220108522801,-1.191483065871574,-0.9721838888576995,-5.21685218442482,-2.6995884598456126,-6.670892333348494,-4.578005750294768,-2.05887050340398,-4.573475838182663,0.6847820400610789
379,-1.0548220108522801,-1.191483065871574,-0.9721838888576995,-5.21685218442482,-2.6995884598456126,-6.670892333348494,-4.578005750294768,-2.05887050340398,-4.573475838182663,0.6847820400610789
380,-1.0548220108522801,-1.191483065871574,-0.9721838888576995,-5.21685218442482,-2.6995884598456126,-6.670892333348494,-4.578005750294768,-2.05887050340398,-4.573475838182663,0.6847820400610789
381,-1.0548220108522801,-1.191483065871574,-0.9721838888576995,-5.21685218442482,-2.6995884598456126,-6.670892333348494,-4.578005750294768,-2.05887050340398,-4.573475838182663,0.6847820400610789
382,-1.0548220108522801,-1.191483065871574,-0.9721838888576995,-5.21685218442482,-2.6995884598456126,-6.670892333348494,-4.578005750294768,-2.05887050340398,-4.573475838182663,0.6847820400610789
383,-1.0548220108522801,-1.191483065871574,-0.9721838888576995,-5.21685218442482,-2.6995884598456126,-6.670892333348494,-4.578005750294768,-2.05887050340398,-4.573475838182663,0.6847820400610789
384,-1.0548220108522801,-1.191483065871574,-0.9721838888576995,-5.21685218442482,-2.6995884598456126,-6.670892333348494,-4.578005750294768,-2.05887050340398,-4.573475838182663,0.6847820400610789
385,-1.0548220108522801,-1.191483065871574,-0.9721838888576995,-5.21685218442482,-2.6995884598456126,-6.670892333348494,-4.578005750294768,-2.05887050340398,-4.573475838182663,0.6847820400610789
386,-1.0548220108522801,-1.191483065871574,-0.9721838888576995,-5.21685218442482,-2.6995884598456126,-6.670892333348494,-4.578005750294768,-2.05887050340398,-4.573475838182663,0.6847820400610789
387,-1.0548220108522801,-1.191483065871574,-1.0253814322161832,-5.21685218442482,-2.6995884598456126,-6.670892333348494,-4.578005750294768,-2.05887050340398,-4.573475838182663,0.6847820400610789
388,-1.0548220108522801,-1.191483065871574,-1.0253814322161832,-5.21685218442482,-2.6995884598456126,-6.670892333348494,-4.578005750294768,-2.05887050340398,-4.573475838182663,0.6847820400610789
389,-1.0548220108522801,-1.191483065871574,-1.0253814322161832,-5.21685218442482,-2.6995884598456126,-6.670892333348494,-4.578005750294768,-2.05887050340398,-4.573475838182663,0.6847820400610789
390,-1.0548220108522801,-1.191483065871574,-1.0253814322161832,-5.21685218442482,-2.6995884598456126,-6.670892333348494,-4.578005750294768,-2.05887050340398,-4.573475838182663,0.6847820400610789
391,-1.0548220108522801,-1.191483065871574,-1.0253814322161832,-5.21685218442482,-2.6995884598456126,-6.670892333348494,-4.578005750294768,-2.05887050340398,-4.573475838182663,0.6847820400610789
392,-1.0548220108522801,-1.191483065871574,-1.0253814322161832,-5.21685218442482,-2.6995884598456126,-6.670892333348494,-4.578005750294768,-2.05887050340398,-4.573475838182663,0.6847820400610789
393,-1.0548220108522801,-1.191483065871574,-1.0253814322161832,-5.21685218442482,-2.6995884598456126,-6.670892333348494,-4.578005750294768,-2.05887050340398,-4.573475838182663,0.6847820400610789
394,-1.0548220108522801,-1.191483065871574,-1.0253814322161832,-5.21685218442482,-2.6995884598456126,-6.670892333348494,-4.578005750294768,-2.05887050340398,-4.573475838182663,0.6847820400610789
395,-1.0548220108522801,-1.191483065871574,-1.0253814322161832,-5.21685218442482,-2.6995884598456126,-6.670892333348494,-4.578005750294768,-2.05887050340398,-4.573475838182663,0.6847820400610789
396,-1.0548220108522801,-1.191483065871574,-1.0253814322161832,-5.21685218442482,-2.6995884598456126,-6.670892333348494,-4.578005750294768,-2.05887050340398,-4.573475838182663,0.6847820400610789
397,-1.0548220108522801,-1.191483065871574,-1.0253814322161832,-5.21685218442482,-2.6995884598456126,-6.670892333348494,-4.578005750294768,-2.05887050340398,-4.573475838182663,0.6847820400610789
398,-1.0548220108522801,-1.191483065871574,-1.0253814322161832,-5.21685218442482,-2.6995884598456126,-6.670892333348494,-4.578005750294768,-2.05887050340398,-4.573475838182663,0.6847820400610789
399,-1.0548220108522801,-1.191483065871574,-1.0253814322161832,-5.21685218442482,-2.6995884598456126,-6.670892333348494,-4.578005750294768,-2.05887050340398,-4.573475838182663,0.6847820400610789
400,-1.0548220108522801,-1.191483065871574,-1.0253814322161832,-5.21685218442482,-2.6995884598456126,-6.670892333348494,-4.578005750294768,-2.05887050340398,-4.573475838182663,0.6847820400610789
401,-1.0548220108522801,-1.191483065871574,-1.0253814322161832,-5.21685218442482,-2.6995884598456126,-6.670892333348494,-4.578005750294768,-2.05887050340398,-4.573475838182663,0.6847820400610789
402,-1.0548220108522801,-1.191483065871574,-1.0253814322161832,-5.21685218442482,-2.6995884598456126,-6.670892333348494,-4.578005750294768,-2.05887050340398,-4.573475838182663,0.6847820400610789
403,-1.0548220108522801,-1.191483065871574,-1.0253814322161832,-5.21685218442482,-2.6995884598456126,-6.670892333348494,-4.578005750294768,-2.05887050340398,-4.573475838182663,0.6847820400610789
404,-1.0548220108522801,-1.191483065871574,-1.0253814322161832,-5.21685218442482,-2.6995884598456126,-6.670892333348494,-4.578005750294768,-2.05887050340398,-4.573475838182663,0.6847820400610789
405,-1.0548220108522801,-1.191483065871574,-1.0253814322161832,-5.21685218442482,-2.6995884598456126,-6.670892333348494,-4.578005750294768,-2.05887050340398,-4.573475838182663,0.6847820400610789
406,-1.0548220108522801,-1.191483065871574,-1.0253814322161832,-5.21685218442482,-2.6995884598456126,-6.670892333348494,-4.578005750294768,-2.05887050340398,-4.573475838182663,0.6847820400610789
407,-1.0548220108522801,-1.191483065871574,-1.0253814322161832,-5.21685218442482,-2.6995884598456126,-6.670892333348494,-4.578005750294768,-2.05887050340398,-4.573475838182663,0.6847820400610789
408,-1.0548220108522801,-1.191483065871574,-1.0253814322161832,-5.21685218442482,-2.6995884598456126,-6.670892333348494,-4.578005750294768,-2.05887050340398,-4.573475838182663,0.6847820400610789
409,-1.0548220108522801,-1.2445082603925015,-1.0253814322161832,-5.21685218442482,-2.6995884598456126,-6.670892333348494,-4.578005750294768,-2.05887050340398,-4.573475838182663,0.6847820400610789
410,-1.0548220108522801,-1.2445082603925015,-1.0253814322161832,-5.21685218442482,-2.6995884598456126,-6.670892333348494,-4.578005750294768,-2.05887050340398,-4.573475838182663,0.6847820400610789
411,-1.0548220108522801,-1.2445082603925015,-1.0253814322161832,-5.21685218442482,-2.6995884598456126,-6.670892333348494,-4.578005750294768,-2.05887050340398,-4.573475838182663,0.6847820400610789
412,-1.0548220108522801,-1.2445082603925015,-1.0253814322161832,-5.21685218442482,-2.6995884598456126,-6.670892333348494,-4.578005750294768,-2.05887050340398,-4.573475838182663,0.6847820400610789
413,-1.0548220108522801,-1.2445082603925015,-1.0253814322161832,-5.21685218442482,-2.6995884598456126,-6.670892333348494,-4.578005750294768,-2.05887050340398,-4.573475838182663,0.6847820400610789
414,-1.0548220108522801,-1.2445082603925015,-1.0253814322161832,-5.21685218442482,-2.6995884598456126,-6.670892333348494,-4.578005750294768,-2.05887050340398,-4.573475838182663,0.6847820400610789
415,-1.0548220108522801,-1.2445082603925015,-1.0253814322161832,-5.21685218442482,-2.6995884598456126,-6.670892333348494,-4.578005750294768,-2.05887050340398,-4.573475838182663,0.6847820400610789
416,-1.0548220108522801,-1.2445082603925015,-1.0253814322161832,-5.21685218442482,-2.6995884598456126,-6.670892333348494,-4.578005750294768,-2.05887050340398,-4.573475838182663,0.6847820400610789
417,-1.0548220108522801,-1.2445082603925015,-1.0253814322161832,-5.21685218442482,-2.6995884598456126,-6.670892333348494,-4.578005750294768,-2.05887050340398,-4.573475838182663,0.6847820400610789
418,-1.0548220108522801,-1.2445082603925015,-1.0253814322161832,-5.21685218442482,-2.6995884598456126,-6.670892333348494,-4.578005750294768,-2.05887050340398,-4.573475838182663,0.6847820400610789
419,-1.0548220108522801,-1.2445082603925015,-1.0253814322161832,-5.21685218442482,-2.6995884598456126,-6.670892333348494,-4.578005750294768,-2.05887050340398,-4.573475838182663,0.6847820400610789
420,-1.0548220108522801,-1.2445082603925015,-1.0253814322161832,-5.21685218442482,-2.6995884598456126,-6.670892333348494,-4.578005750294768,-2.05887050340398,-4.573475838182663,0.6847820400610789
421,-1.0548220108522801,-1.2445082603925015,-1.0253814322161832,-5.21685218442482,-2.6995884598456126,-6.670892333348494,-4.578005750294768,-2.05887050340398,-4.573475838182663,0.6847820400610789
422,-1.0548220108522801,-1.2445082603925015,-1.0253814322161832,-5.21685218442482,-2.6995884598456126,-6.670892333348494,-4.578005750294768,-2.05887050340398,-4.573475838182663,0.6847820400610789
423,-1.0548220108522801,-1.2445082603925015,-1.0253814322161832,-5.21685218442482,-2.6995884598456126,-6.670892333348494,-4.578005750294768,-2.05887050340398,-4.573475838182663,0.6847820400610789
424,-1.0548220108522801,-1.2445082603925015,-1.0253814322161832,-5.21685218442482,-2.6995884598456126,-6.670892333348494,-4.578005750294768,-2.05887050340398,-4.573475838182663,0.6847820400610789
425,-1.0548220108522801,-1.2445082603925015,-1.0253814322161832,-5.21685218442482,-2.6995884598456126,-6.670892333348494,-4.578005750294768,-2.05887050340398,-4.573475838182663,0.6847820400610789
426,-1.0548220108522801,-1.2445082603925015,-1.0253814322161832,-5.21685218442482,-2.6995884598456126,-6.670892333348494,-4.578005750294768,-2.05887050340398,-4.573475838182663,0.6847820400610789
427,-1.0548220108522801,-1.2445082603925015,-1.0253814322161832,-5.21685218442482,-2.6995884598456126,-6.670892333348494,-4.578005750294768,-2.05887050340398,-4.573475838182663,0.6847820400610789
428,-1.0548220108522801,-1.2445082603925015,-1.0253814322161832,-5.21685218442482,-2.6995884598456126,-6.670892333348494,-4.578005750294768,-2.05887050340398,-4.573475838182663,0.6847820400610789
429,-1.0548220108522801,-1.2445082603925015,-1.0253814322161832,-5.21685218442482,-2.6995884598456126,-6.670892333348494,-4.578005750294768,-2.05887050340398,-4.573475838182663,0.6847820400610789
430,-1.0548220108522801,-1.2445082603925015,-1.0253814322161832,-5.21685218442482,-2.6995884598456126,-6.670892333348494,-4.578005750294768,-2.05887050340398,-4.573475838182663,0.6847820400610789
431,-1.0548220108522801,-1.2445082603925015,-1.0253814322161832,-5.21685218442482,-2.6995884598456126,-6.670892333348494,-4.578005750294768,-2.05887050340398,-4.573475838182663,0.6847820400610789
432,-1.0548220108522801,-1.2445082603925015,-1.0253814322161832,-5.21685218442482,-2.6995884598456126,-6.670892333348494,-4.578005750294768,-2.05887050340398,-4.573475838182663,0.6847820400610789
433,-1.0548220108522801,-1.2445082603925015,-1.0253814322161832,-5.21685218442482,-2.6995884598456126,-6.670892333348494,-4.578005750294768,-2.05887050340398,-4.573475838182663,0.6847820400610789
434,-1.0548220108522801,-1.2445082603925015,-1.0253814322161832,-5.21685218442482,-2.6995884598456126,-6.670892333348494,-4.578005750294768,-2.05887050340398,-4.573475838182663,0.6847820400610789
435,-1.0548220108522801,-1.2445082603925015,-1.0253814322161832,-5.21685218442482,-2.6995884598456126,-6.670892333348494,-4.578005750294768,-2.05887050340398,-4.573475838182663,0.6847820400610789
436,-1.0548220108522801,-1.2445082603925015,-1.0253814322161832,-5.21685218442482,-2.6995884598456126,-6.670892333348494,-4.578005750294768,-2.05887050340398,-4.573475838182663,0.6847820400610789
437,-1.0548220108522801,-1.2445082603925015,-1.0253814322161832,-5.21685218442482,-2.6995884598456126,-6.670892333348494,-4.578005750294768,-2.05887050340398,-5.929809290046574,0.6847820400610789
438,-1.0548220108522801,-1.2445082603925015,-1.0253814322161832,-5.21685218442482,-2.6995884598456126,-6.670892333348494,-4.578005750294768,-2.05887050340398,-5.929809290046574,0.6847820400610789
439,-1.0548220108522801,-1.2445082603925015,-1.0253814322161832,-5.21685218442482,-2.6995884598456126,-6.670892333348494,-4.578005750294768,-2.05887050340398,-5.929809290046574,0.6847820400610789
440,-1.0548220108522801,-1.2445082603925015,-1.0253814322161832,-5.21685218442482,-2.6995884598456126,-6.670892333348494,-4.578005750294768,-2.05887050340398,-5.929809290046574,0.6847820400610789
441,-1.0548220108522801,-1.2445082603925015,-1.0253814322161832,-5.21685218442482,-2.6995884598456126,-6.670892333348494,-4.578005750294768,-2.05887050340398,-5.929809290046574,0.6847820400610789
442,-1.0548220108522801,-1.2445082603925015,-1.0253814322161832,-5.21685218442482,-2.6995884598456126,-6.670892333348494,-4.578005750294768,-2.05887050340398,-5.929809290046574,0.6847820400610789
443,-1.0548220108522801,-1.2445082603925015,-1.0253814322161832,-5.21685218442482,-2.6995884598456126,-6.670892333348494,-4.578005750294768,-2.05887050340398,-5.929809290046574,0.6847820400610789
444,-1.0548220108522801,-1.2445082603925015,-1.0253814322161832,-5.21685218442482,-2.6995884598456126,-6.670892333348494,-4.578005750294768,-2.05887050340398,-5.929809290046574,0.6847820400610789
445,-1.0548220108522801,-1.2445082603925015,-1.0253814322161832,-5.21685218442482,-2.6995884598456126,-6.670892333348494,-4.578005750294768,-2.05887050340398,-5.929809290046574,0.6847820400610789
446,-1.0548220108522801,-1.2445082603925015,-1.0253814322161832,-5.21685218442482,-2.6995884598456126,-6.670892333348494,-4.578005750294768,-2.05887050340398,-5.929809290046574,0.6847820400610789
447,-1.0548220108522801,-1.2445082603925015,-1.0253814322161832,-5.21685218442482,-2.6995884598456126,-6.670892333348494,-4.578005750294768,-2.05887050340398,-5.929809290046574,0.6847820400610789
448,-1.0548220108522801,-1.2445082603925015,-1.0253814322161832,-5.21685218442482,-2.6995884598456126,-6.670892333348494,-4.578005750294768,-2.05887050340398,-5.929809290046574,0.6847820400610789
449,-1.0548220108522801,-1.2445082603925015,-1.0253814322161832,-5.21685218442482,-2.6995884598456126,-6.670892333348494,-4.578005750294768,-2.05887050340398,-5.929809290046574,0.6847820400610789
450,-1.0548220108522801,-1.2445082603925015,-1.0253814322161832,-5.21685218442482,-2.6995884598456126,-6.670892333348494,-4.578005750294768,-2.05887050340398,-5.929809290046574,0.6847820400610789
451,-1.0548220108522801,-1.2445082603925015,-1.0253814322161832,-5.21685218442482,-2.6995884598456126,-6.670892333348494,-4.713062645614141,-2.05887050340398,-5.929809290046574,0.6847820400610789
452,-1.0548220108522801,-1.2445082603925015,-1.0253814322161832,-5.21685218442482,-2.6995884598456126,-6.670892333348494,-4.713062645614141,-2.05887050340398,-5.929809290046574,0.6847820400610789
453,-1.0548220108522801,-1.2445082603925015,-1.0253814322161832,-5.21685218442482,-2.6995884598456126,-6.670892333348494,-4.713062645614141,-2.05887050340398,-5.929809290046574,0.6847820400610789
454,-1.0548220108522801,-1.2445082603925015,-1.0253814322161832,-5.21685218442482,-2.6995884598456126,-6.670892333348494,-4.713062645614141,-2.05887050340398,-5.929809290046574,0.6847820400610789
455,-1.0548220108522801,-1.2445082603925015,-1.0253814322161832,-5.21685218442482,-2.6995884598456126,-6.670892333348494,-4.713062645614141,-2.05887050340398,-5.929809290046574,0.6847820400610789
456,-1.0548220108522801,-1.2445082603925015,-1.0253814322161832,-5.21685218442482,-2.6995884598456126,-6.670892333348494,-4.713062645614141,-2.05887050340398,-5.929809290046574,0.6847820400610789
457,-1.0548220108522801,-1.2445082603925015,-1.0253814322161832,-5.21685218442482,-2.6995884598456126,-6.670892333348494,-4.713062645614141,-2.05887050340398,-5.929809290046574,0.6847820400610789
458,-1.0548220108522801,-1.2445082603925015,-1.0253814322161832,-5.21685218442482,-2.6995884598456126,-6.670892333348494,-4.713062645614141,-2.05887050340398,-5.929809290046574,0.6847820400610789
459,-1.0548220108522801,-1.2445082603925015,-1.0253814322161832,-5.21685218442482,-2.6995884598456126,-6.670892333348494,-4.713062645614141,-2.05887050340398,-5.929809290046574,0.6847820400610789
460,-1.0610623662434622,-1.2445082603925015,-1.0253814322161832,-5.21685218442482,-2.6995884598456126,-6.670892333348494,-4.713062645614141,-2.05887050340398,-5.929809290046574,0.6847820400610789
461,-1.0610623662434622,-1.2445082603925015,-1.0253814322161832,-5.21685218442482,-2.6995884598456126,-6.670892333348494,-4.713062645614141,-2.05887050340398,-5.929809290046574,0.6847820400610789
462,-1.0610623662434622,-1.2445082603925015,-1.0253814322161832,-5.21685218442482,-2.6995884598456126,-6.670892333348494,-4.713062645614141,-2.05887050340398,-5.929809290046574,0.6847820400610789
463,-1.0610623662434622,-1.2445082603925015,-1.0253814322161832,-5.21685218442482,-2.6995884598456126,-6.670892333348494,-4.713062645614141,-2.05887050340398,-5.929809290046574,0.6847820400610789
464,-1.0610623662434622,-1.2445082603925015,-1.0253814322161832,-5.21685218442482,-2.6995884598456126,-6.670892333348494,-4.713062645614141,-2.05887050340398,-5.929809290046574,0.6847820400610789
465,-1.0610623662434622,-1.2445082603925015,-1.0253814322161832,-5.21685218442482,-2.6995884598456126,-6.670892333348494,-4.713062645614141,-2.05887050340398,-5.929809290046574,0.6847820400610789
466,-1.0610623662434622,-1.2445082603925015,-1.0253814322161832,-5.21685218442482,-2.6995884598456126,-6.670892333348494,-4.713062645614141,-2.05887050340398,-5.929809290046574,0.6847820400610789
467,-1.0610623662434622,-1.2445082603925015,-1.0253814322161832,-5.21685218442482,-2.6995884598456126,-6.670892333348494,-4.713062645614141,-2.05887050340398,-5.929809290046574,0.6847820400610789
468,-1.0610623662434622,-1.2445082603925015,-1.0253814322161832,-5.21685218442482,-2.6995884598456126,-6.670892333348494,-4.713062645614141,-2.05887050340398,-5.929809290046574,0.6847820400610789
469,-1.0610623662434622,-1.2445082603925015,-1.0253814322161832,-5.21685218442482,-2.6995884598456126,-6.670892333348494,-4.713062645614141,-2.05887050340398,-5.929809290046574,0.6847820400610789
470,-1.0610623662434622,-1.2445082603925015,-1.0253814322161832,-5.21685218442482,-2.6995884598456126,-6.670892333348494,-4.713062645614141,-2.05887050340398,-5.929809290046574,0.6847820400610789
471,-1.0610623662434622,-1.2445082603925015,-1.0253814322161832,-5.21685218442482,-2.6995884598456126,-6.670892333348494,-4.713062645614141,-2.05887050340398,-5.929809290046574,0.6847820400610789
472,-1.0610623662434622,-1.2445082603925015,-1.0253814322161832,-5.21685218442482,-2.6995884598456126,-6.670892333348494,-4.713062645614141,-2.05887050340398,-5.929809290046574,0.6847820400610789
473,-1.0610623662434622,-1.2445082603925015,-1.0253814322161832,-5.21685218442482,-2.6995884598456126,-6.670892333348494,-4.713062645614141,-2.05887050340398,-5.929809290046574,0.6847820400610789
474,-1.0610623662434622,-1.2445082603925015,-1.0253814322161832,-5.21685218442482,-2.6995884598456126,-6.670892333348494,-4.713062645614141,-2.05887050340398,-5.929809290046574,0.6847820400610789
475,-1.0610623662434622,-1.2445082603925015,-1.0253814322161832,-5.21685218442482,-2.6995884598456126,-6.670892333348494,-4.713062645614141,-2.05887050340398,-5.929809290046574,0.6847820400610789
476,-1.0610623662434622,-1.2445082603925015,-1.0253814322161832,-5.21685218442482,-2.6995884598456126,-6.670892333348494,-4.713062645614141,-2.05887050340398,-5.929809290046574,0.6847820400610789
477,-1.0610623662434622,-1.2445082603925015,-1.0253814322161832,-5.21685218442482,-2.6995884598456126,-6.670892333348494,-4.713062645614141,-2.05887050340398,-5.929809290046574,0.6847820400610789
478,-1.0610623662434622,-1.2445082603925015,-1.0253814322161832,-5.21685218442482,-2.6995884598456126,-6.670892333348494,-4.713062645614141,-2.05887050340398,-5.929809290046574,0.6847820400610789
479,-1.0610623662434622,-1.2445082603925015,-1.0253814322161832,-5.21685218442482,-2.6995884598456126,-6.670892333348494,-4.713062645614141,-2.05887050340398,-5.929809290046574,0.6847820400610789
480,-1.0610623662434622,-1.2445082603925015,-1.0253814322161832,-5.21685218442482,-2.6995884598456126,-6.670892333348494,-4.713062645614141,-2.05887050340398,-5.929809290046574,0.6847820400610789
481,-1.0610623662434622,-1.2445082603925015,-1.0253814322161832,-5.21685218442482,-2.6995884598456126,-6.670892333348494,-4.713062645614141,-2.05887050340398,-5.929809290046574,0.6847820400610789
482,-1.0610623662434622,-1.2445082603925015,-1.0253814322161832,-5.21685218442482,-2.6995884598456126,-6.670892333348494,-4.713062645614141,-2.05887050340398,-5.929809290046574,0.6847820400610789
483,-1.0610623662434622,-1.2445082603925015,-1.0253814322161832,-5.21685218442482,-2.6995884598456126,-6.670892333348494,-4.713062645614141,-2.05887050340398,-5.929809290046574,0.6847820400610789
484,-1.0610623662434622,-1.2445082603925015,-1.0253814322161832,-5.21685218442482,-2.6995884598456126,-6.670892333348494,-4.713062645614141,-2.05887050340398,-5.929809290046574,0.6847820400610789
485,-1.0610623662434622,-1.2445082603925015,-1.0253814322161832,-5.21685218442482,-2.6995884598456126,-6.670892333348494,-4.713062645614141,-2.05887050340398,-5.929809290046574,0.6847820400610789
486,-1.0610623662434622,-1.2445082603925015,-1.0253814322161832,-5.21685218442482,-2.6995884598456126,-6.670892333348494,-4.713062645614141,-2.05887050340398,-5.929809290046574,0.6847820400610789
487,-1.0610623662434622,-1.2445082603925015,-1.0253814322161832,-5.21685218442482,-2.6995884598456126,-6.670892333348494,-4.713062645614141,-2.05887050340398,-5.929809290046574,0.6847820400610789
488,-1.0610623662434622,-1.2445082603925015,-1.0253814322161832,-5.21685218442482,-2.6995884598456126,-6.670892333348494,-4.713062645614141,-2.05887050340398,-5.929809290046574,0.6847820400610789
489,-1.0610623662434622,-1.2445082603925015,-1.0253814322161832,-5.21685218442482,-2.6995884598456126,-6.670892333348494,-4.713062645614141,-2.05887050340398,-5.929809290046574,0.6847820400610789
490,-1.0610623662434622,-1.2445082603925015,-1.0253814322161832,-5.21685218442482,-2.6995884598456126,-6.670892333348494,-4.713062645614141,-2.05887050340398,-5.929809290046574,0.6847820400610789
491,-1.0610623662434622,-1.2445082603925015,-1.0253814322161832,-5.21685218442482,-2.6995884598456126,-6.670892333348494,-4.713062645614141,-2.05887050340398,-5.929809290046574,0.6847820400610789
492,-1.0610623662434622,-1.2445082603925015,-1.0253814322161832,-5.21685218442482,-2.6995884598456126,-6.670892333348494,-4.713062645614141,-2.05887050340398,-5.929809290046574,0.6847820400610789
493,-1.0610623662434622,-1.2445082603925015,-1.0253814322161832,-5.21685218442482,-2.6995884598456126,-6.670892333348494,-4.713062645614141,-2.05887050340398,-5.929809290046574,0.6847820400610789
494,-1.0610623662434622,-1.2445082603925015,-1.0253814322161832,-5.21685218442482,-2.6995884598456126,-6.670892333348494,-4.713062645614141,-2.05887050340398,-5.929809290046574,0.6847820400610789
495,-1.0610623662434622,-1.2445082603925015,-1.0253814322161832,-5.21685218442482,-2.6995884598456126,-6.670892333348494,-4.713062645614141,-3.188699106547934,-5.929809290046574,0.6847820400610789
496,-1.0610623662434622,-1.2445082603925015,-1.0253814322161832,-5.21685218442482,-2.6995884598456126,-6.670892333348494,-4.713062645614141,-3.188699106547934,-5.929809290046574,0.6847820400610789
497,-1.0610623662434622,-1.2445082603925015,-1.0253814322161832,-5.21685218442482,-2.6995884598456126,-6.670892333348494,-4.713062645614141,-3.188699106547934,-5.929809290046574,0.6847820400610789
498,-1.0610623662434622,-1.2445082603925015,-1.0253814322161832,-5.21685218442482,-2.6995884598456126,-6.670892333348494,-4.713062645614141,-3.188699106547934,-5.929809290046574,0.6847820400610789
499,-1.0610623662434622,-1.2445082603925015,-1.0253814322161832,-5.21685218442482,-2.6995884598456126,-6.670892333348494,-4.713062645614141,-3.188699106547934,-5.929809290046574,0.6847820400610789
